Workbook

Sheet 概要・使い方
B2: キャリアアップ助成金（賃金規定等改定コース）年間スケジュール＆実務統合ツール
B3: 【実務完全動的追従版 v2】 賃金改定日・給与締切／支払日を入力するだけで全工程のスケジュール・申請期限・昇給率を自動試算
B5: ■ 本ツールの特徴と使い方
B6: 1. 完全に動的な日付算定ロジック | C6: 「自動日付シミュレーター」タブで「賃金改定日(C9)」「給与締切日(C10)」「給与支払日(C12)」を変更すると、申請期限までの全タスクが完全自動で計算・連動します。
B7: 2. 給与締め日・支払日パターンの網羅 | C7: 「20日締め翌月10日払い」「月末締め翌月15日払い」など自社の給与サイクルに合わせて正確に6か月間の賃金起算・支給日を判定します。
B8: 3. 昇給率（3.0%）および助成額の自動シミュレーション | C8: 「昇給率・助成額計算」タブにて、従業員ごとの改定前後の基本給から、端数処理エラー（2.99%で不支給となる罠）を防止し適合判定を行います。
B9: 4. 全20タスクの年間スケジュール連動 | C9: 改定日・申請期限に基づき、「事前準備」「計画提出」「就業規則届出」「6か月給与運用」「支給申請」までの予定日が自動更新されます。
B11: ■ ワークブックの構成
B12: No. | C12: シート名 | D12: 主要機能と目的
B13: 1 | C13: 自動日付シミュレーター | D13: 改定日・締め／支払日を入力し、計画提出期限、1〜6か月目給与日、支給申請最終期限等の法定期限を完全自動算出
B14: 2 | C14: 年間スケジュール＆進捗管理 | D14: シミュレーターの日付に全タスク（T-01〜T-20）が100%自動連動。担当者・予定／実績日・進行ステータスを一括管理
B15: 3 | C15: 昇給率・助成額計算 | D15: 対象従業員ごとの昇給前後の基本給を入力し、3.0%昇給の適合判定およびコース別助成想定額を試算
B16: 4 | C16: 申請要件＆不支給防止チェック | D16: 労働局審査で一発却下（不支給）とならないための8大必須確認項目と提出添付書類のチェックリスト
B18: ■ セルの配色ルール（凡例）
B19: 入力セル（青色） | C19: ユーザーが自社の予定・数値を直接入力するセル
B20: 自動計算セル（緑色） | C20: 数式により完全自動算出されるセル（直接編集不要）
B21: 注意・警告（オレンジ） | C21: 1日でも遅れると不支給となる法定期限・危険アラート

Sheet 自動日付シミュレーター
B2: 賃金規定等改定コース：自動日付＆法定期限シミュレーター
B3: ※青色のセル（C7〜C13）に自社の前提条件を入力してください。全体の全スケジュールおよび最終申請期限が数式で完全連動します。
B5: 1. 自社の基本前提条件の入力（入力エリア）
B6: 設定項目 | C6: 入力値 | D6: 単位 / 選択基準 | E6: 要件・実務上の補足説明 | F6: 入力例・選択肢
B7: 事業所名 | C7: 株式会社サンプル商事 | D7: 文字列 | E7: 申請を行う事業主・企業名 | F7: 例：〇〇株式会社
B8: 企業規模区分 | C8: 中小企業 | D8: 選択 | E8: 中小企業：1名あたり6.5万〜 / 大企業：1名あたり4.8万〜 | F8: 中小企業 / 大企業
B9: 賃金規程等の改定（施行）日 | C9: 46113 | D9: 日付 (YYYY-MM-DD) | E9: 新基本給テーブルが適用（施行）される初日 | F9: 2026-04-01
B10: 毎月の賃金締切日（数値） | C10: 30 | D10: 数値（日） | E10: 例：末日の場合は「30」、20日締めの場合は「20」 | F10: 末日=30, 20日=20, 15日=15
B11: 毎月の賃金支払月 | C11: 1 | D11: 数値（区分） | E11: 当月払いの場合は「0」、翌月払いの場合は「1」 | F11: 当月払い=0, 翌月払い=1
B12: 毎月の賃金支払日（数値） | C12: 15 | D12: 数値（日） | E12: 例：15日支給は「15」、25日支給は「25」、末日は「30」 | F12: 15, 20, 25, 30(末日)
B13: 対象労働者数 | C13: 5 | D13: 名 | E13: 基本給を3.0%以上引き上げる対象者数（最大100名まで） | F13: 半角数字（例: 5）
B15: 2. スケジュール＆法定重要期限の自動算出結果（数式完全連動）
B16: フェーズ・重要マイルストーン | C16: 自動算出予定年月日 / 期間 | D16: 期限種別・注意度 | E16: 実務上の絶対ルール・不支給回避対策 | F16: 数式連動ロジックの説明
B17: キャリアアップ計画書 提出期限 | C17: =C9-1 | D17: 【絶対期限】改定前日 | E17: 改定日（C9）の「前日」までに管轄労働局へ届出・受理が必須（当日は不支給） | F17: 改定施行日の前日 (=C9-1)
B18: 改定前規程の実績確認期間（開始目安） | C18: =EDATE(C9,-3) | D18: 確認要件（3か月前） | E18: 改定前の賃金規程等に基づき「3か月以上」適正に賃金が支払われている実績が必要 | F18: 改定施行日の3か月前 (=EDATE(C9,-3))
B19: 賃金規程等の増額改定（施行）日 | C19: =C9 | D19: 改定施行日 | E19: 全対象者の基本給テーブルを3.0%以上引き上げて適用開始 | F19: 入力セルC9を参照
B20: 就業規則（賃金規程）労基署届出 | C20: =C9 | D20: 施行日と同日推奨 | E20: 変更届・労働者代表の意見書を添えて受領印を受領（10人未満も届出推奨） | F20: 改定施行日と同日
B21: 1か月目 給与計算対象期間 | C21: =TEXT(IF(C10=30,DATE(YEAR(C9),MONTH(C9),1),DATE(YEAR(C9),MONTH(C9)-1,C10+1)),"yyyy/mm/dd")&" ～ "&TEXT(IF(C10=30,EOMONTH(C9,0),DATE(YEAR(C9),MONTH(C9),C10)),"yyyy/mm/dd") | D21: 実働実績期間 | E21: 改定後最初の給与計算期間。各月11日以上の実働日数が必要 | F21: 締切日設定に基づく初月計算期間
B22: 1か月目 賃金支給日（改定後初給与） | C22: =IF(C10=30, IF(C12=30, EOMONTH(C9,C11), DATE(YEAR(C9),MONTH(C9)+C11,C12)), IF(C12=30, EOMONTH(DATE(YEAR(C9),MONTH(C9),C10),C11), DATE(YEAR(C9),MONTH(C9)+C11,C12))) | D22: 実績確定日 | E22: 改定後の新基本給が実際に最初に振り込まれる支給日 | F22: 改定初月の締日・支払日に基づく自動計算
B23: 6か月目 給与計算対象期間 | C23: =TEXT(IF(C10=30,DATE(YEAR(EDATE(C9,5)),MONTH(EDATE(C9,5)),1),DATE(YEAR(EDATE(C9,5)),MONTH(EDATE(C9,5))-1,C10+1)),"yyyy/mm/dd")&" ～ "&TEXT(IF(C10=30,EOMONTH(EDATE(C9,5),0),DATE(YEAR(EDATE(C9,5)),MONTH(EDATE(C9,5)),C10)),"yyyy/mm/dd") | D23: 実働実績期間 | E23: 改定後6か月目の給与対象期間。全6か月間ともに月11日以上勤務必須 | F23: 1か月目の5か月後の計算期間
B24: 6か月目 賃金支給日（申請起算日） | C24: =EDATE(C22, 5) | D24: 【重要】起算確定日 | E24: 改定後6か月目の賃金が支給された日。この翌日が申請受付の起算日 | F24: 1か月目支給日(C22)の5か月後
B25: 支給申請 受付開始日 | C25: =C24+1 | D25: 申請受付開始 | E25: 6か月目賃金支給日の「翌日」より労働局への支給申請受付がスタート | F25: 6か月目支給日(C24)の翌日
B26: 支給申請 最終提出期限 | C26: =EDATE(C24, 2) | D26: 【絶対厳守】2か月以内 | E26: 6か月目支給日の翌日から起算して2か月以内。1日でも遅れると一発不支給 | F26: 6か月目支給日(C24)の2か月後
B27: 労働局審査・補正対応期間（想定） | C27: =TEXT(C26+1,"yyyy/mm/dd")&" ～ "&TEXT(EDATE(C26,4),"yyyy/mm/dd") | D27: 標準審査期間 | E27: 出勤簿、賃金台帳、労働条件通知書、就業規則等の原本照合および審査対応 | F27: 申請期限翌日〜約4か月間
B28: 助成金 口座振込見込時期 | C28: =EDATE(C26, 5) | D28: 入金予定 | E28: 支給決定通知書の発送後、約2〜3週間で指定口座へ振込完了 | F28: 申請期限の約5か月後

Sheet 年間スケジュール＆進捗管理
B2: キャリアアップ助成金（賃金規定等改定コース）全工程進捗管理タスクボード
B3: ※「自動日付シミュレーター」タブの入力内容に全タスクの予定開始・完了日が100%完全自動連動します。
B5: 【進捗ダッシュボード】
B6: 全体進捗率 | D6: 完了タスク数 | F6: 計画書提出期限（絶対厳守） | H6: 支給申請最終期限（絶対厳守）
B7: =COUNTIF(I10:I29,"完了")/COUNTA(B10:B29) | D7: =COUNTIF(I10:I29,"完了")&" / "&COUNTA(B10:B29)&" 件" | F7: =自動日付シミュレーター!C17 | H7: =自動日付シミュレーター!C26
B9: タスクID | C9: フェーズ区分 | D9: 実施タスク・手続き項目 | E9: 担当者 | F9: 予定開始日（自動算定） | G9: 予定完了日（自動算定） | H9: 実績完了日 | I9: 進行ステータス
B10: T-01 | C10: 1. 事前準備 | D10: 対象労働者の雇用要件・過去3か月賃金台帳の確認 | E10: 社労士/人事 | F10: =自動日付シミュレーター!C9-60 | G10: =自動日付シミュレーター!C9-45 | H10: 46054 | I10: 完了
B11: T-02 | C11: 1. 事前準備 | D11: 新賃金テーブル作成＆3.0%以上昇給シミュレーション | E11: 人事/経営 | F11: =自動日付シミュレーター!C9-44 | G11: =自動日付シミュレーター!C9-30 | H11: 46068 | I11: 完了
B12: T-03 | C12: 1. 事前準備 | D12: 改定賃金規程（案）および新旧対照表の作成 | E12: 社労士 | F12: =自動日付シミュレーター!C9-29 | G12: =自動日付シミュレーター!C9-15 | H12: 46082 | I12: 完了
B13: T-04 | C13: 2. 計画書提出 | D13: キャリアアップ計画書の作成 | E13: 社労士/人事 | F13: =自動日付シミュレーター!C9-14 | G13: =自動日付シミュレーター!C9-5 | H13: 46101 | I13: 完了
B14: T-05 | C14: 2. 計画書提出 | D14: キャリアアップ計画書の労働局提出・受理（絶対厳守） | E14: 社労士 | F14: =自動日付シミュレーター!C9-4 | G14: =自動日付シミュレーター!C17 | H14: 46112 | I14: 完了
B15: T-06 | C15: 3. 規程改定 | D15: 改定賃金規程の施行（新基本給適用開始） | E15: 全社 | F15: =自動日付シミュレーター!C9 | G15: =自動日付シミュレーター!C9 | H15: 46113 | I15: 完了
B16: T-07 | C16: 3. 規程改定 | D16: 労働基準監督署へ就業規則変更届・意見書の届出 | E16: 社労士 | F16: =自動日付シミュレーター!C9 | G16: =自動日付シミュレーター!C9+10 | H16: 46117 | I16: 完了
B17: T-08 | C17: 3. 規程改定 | D17: 全従業員への改定賃金規程の周知（掲示・書面） | E17: 人事 | F17: =自動日付シミュレーター!C9 | G17: =自動日付シミュレーター!C9+14 | H17: 46122 | I17: 完了
B18: T-09 | C18: 4. 6か月運用 | D18: 1か月目（初月）給与計算・新基本給の支給完了 | E18: 給与担当 | F18: =自動日付シミュレーター!C9 | G18: =自動日付シミュレーター!C22 | I18: 進行中
B19: T-10 | C19: 4. 6か月運用 | D19: 2か月目 給与計算・支給完了 | E19: 給与担当 | F19: =自動日付シミュレーター!C22+1 | G19: =EDATE(自動日付シミュレーター!C22, 1) | I19: 未着手
B20: T-11 | C20: 4. 6か月運用 | D20: 3か月目 給与計算・支給完了 | E20: 給与担当 | F20: =EDATE(自動日付シミュレーター!C22, 1)+1 | G20: =EDATE(自動日付シミュレーター!C22, 2) | I20: 未着手
B21: T-12 | C21: 4. 6か月運用 | D21: 4か月目 給与計算・支給完了 | E21: 給与担当 | F21: =EDATE(自動日付シミュレーター!C22, 2)+1 | G21: =EDATE(自動日付シミュレーター!C22, 3) | I21: 未着手
B22: T-13 | C22: 4. 6か月運用 | D22: 5か月目 給与計算・支給完了 | E22: 給与担当 | F22: =EDATE(自動日付シミュレーター!C22, 3)+1 | G22: =EDATE(自動日付シミュレーター!C22, 4) | I22: 未着手
B23: T-14 | C23: 4. 6か月運用 | D23: 6か月目 給与計算・支給完了（起算日確定） | E23: 給与担当 | F23: =EDATE(自動日付シミュレーター!C22, 4)+1 | G23: =自動日付シミュレーター!C24 | I23: 未着手
B24: T-15 | C24: 5. 支給申請 | D24: 支給申請書（様式第3号）および内訳書の作成 | E24: 社労士 | F24: =自動日付シミュレーター!C25 | G24: =自動日付シミュレーター!C25+14 | I24: 未着手
B25: T-16 | C25: 5. 支給申請 | D25: 添付書類（出勤簿・賃金台帳・労働条件通知書等）の突合 | E25: 社労士/人事 | F25: =自動日付シミュレーター!C25+15 | G25: =自動日付シミュレーター!C25+25 | I25: 未着手
B26: T-17 | C26: 5. 支給申請 | D26: 管轄労働局への支給申請書の提出・受領（絶対厳守） | E26: 社労士 | F26: =自動日付シミュレーター!C25+26 | G26: =自動日付シミュレーター!C26 | I26: 未着手
B27: T-18 | C27: 6. 審査・振込 | D27: 労働局審査・追加照会資料の提出対応 | E27: 社労士 | F27: =自動日付シミュレーター!C26+1 | G27: =EDATE(自動日付シミュレーター!C26,4) | I27: 未着手
B28: T-19 | C28: 6. 審査・振込 | D28: 支給決定通知書の受領 | E28: 社労士/人事 | F28: =EDATE(自動日付シミュレーター!C26,4)+1 | G28: =EDATE(自動日付シミュレーター!C26,4)+10 | I28: 未着手
B29: T-20 | C29: 6. 審査・振込 | D29: 助成金の指定事業口座入金確認 | E29: 経理 | F29: =EDATE(自動日付シミュレーター!C26,4)+11 | G29: =自動日付シミュレーター!C28 | I29: 未着手

Sheet 昇給率・助成額計算
B2: キャリアアップ助成金（賃金規定等改定コース）昇給率＆助成想定額シミュレーター
B3: ※対象者ごとの改定前後の基本給を入力し、3.0%昇給の不支給リスク（端数処理の罠）を防止します。
B5: 1. 全体昇給判定＆想定助成額の試算結果
B6: 対象人数 | C6: 平均昇給前基本給 | D6: 平均昇給後基本給 | E6: 全体平均昇給率 | F6: 3.0%要件適合判定 | G6: 想定助成金受給総額
B7: =COUNTIF(D11:D20,">0") | C7: =IFERROR(AVERAGEIF(D11:D20,">0"),0) | D7: =IFERROR(AVERAGEIF(D11:D20,">0",E11:E20),0) | E7: =IF(C7>0,(D7-C7)/C7,0) | F7: =IF(B7=0,"未入力",IF(AND(E7>=0.03,COUNTIF(H11:H20,"⚠*")=0),"✅ 適合 (全員3.0%以上)","❌ 不適合 (3.0%未満の者あり)")) | G7: =IF(自動日付シミュレーター!C8="中小企業", B7*65000, B7*48000)
B9: 2. 対象従業員ごとの基本給改定・昇給率 個別チェックテーブル
B10: 従業員氏名 / ID | C10: 雇用形態 / 区分 | D10: 改定前 基本給(月額) | E10: 改定後 基本給(月額) | F10: 昇給額 (月額) | G10: 昇給率 (%) | H10: 個別判定アラート
B11: 従業員 A（山田 太郎） | C11: 有期契約社員 | D11: 220000 | E11: 228000 | F11: =E11-D11 | G11: =IF(D11>0, (E11-D11)/D11, 0) | H11: =IF(D11=0, "未入力", IF(G11>=0.03, "OK (適合)", "⚠️ 3%未満 (危険)"))
B12: 従業員 B（佐藤 花子） | C12: パートタイム労働者 | D12: 180000 | E12: 186000 | F12: =E12-D12 | G12: =IF(D12>0, (E12-D12)/D12, 0) | H12: =IF(D12=0, "未入力", IF(G12>=0.03, "OK (適合)", "⚠️ 3%未満 (危険)"))
B13: 従業員 C（鈴木 一郎） | C13: 契約社員 | D13: 250000 | E13: 258500 | F13: =E13-D13 | G13: =IF(D13>0, (E13-D13)/D13, 0) | H13: =IF(D13=0, "未入力", IF(G13>=0.03, "OK (適合)", "⚠️ 3%未満 (危険)"))
B14: 従業員 D（田中 美咲） | C14: 有期契約社員 | D14: 200000 | E14: 206500 | F14: =E14-D14 | G14: =IF(D14>0, (E14-D14)/D14, 0) | H14: =IF(D14=0, "未入力", IF(G14>=0.03, "OK (適合)", "⚠️ 3%未満 (危険)"))
B15: 従業員 E（高橋 健太） | C15: パートタイム労働者 | D15: 190000 | E15: 196200 | F15: =E15-D15 | G15: =IF(D15>0, (E15-D15)/D15, 0) | H15: =IF(D15=0, "未入力", IF(G15>=0.03, "OK (適合)", "⚠️ 3%未満 (危険)"))
B16: 従業員 F | C16: 有期契約社員 | D16: 0 | E16: 0 | F16: =E16-D16 | G16: =IF(D16>0, (E16-D16)/D16, 0) | H16: =IF(D16=0, "未入力", IF(G16>=0.03, "OK (適合)", "⚠️ 3%未満 (危険)"))
B17: 従業員 G | C17: 有期契約社員 | D17: 0 | E17: 0 | F17: =E17-D17 | G17: =IF(D17>0, (E17-D17)/D17, 0) | H17: =IF(D17=0, "未入力", IF(G17>=0.03, "OK (適合)", "⚠️ 3%未満 (危険)"))
B18: 従業員 H | C18: 有期契約社員 | D18: 0 | E18: 0 | F18: =E18-D18 | G18: =IF(D18>0, (E18-D18)/D18, 0) | H18: =IF(D18=0, "未入力", IF(G18>=0.03, "OK (適合)", "⚠️ 3%未満 (危険)"))
B19: 従業員 I | C19: 有期契約社員 | D19: 0 | E19: 0 | F19: =E19-D19 | G19: =IF(D19>0, (E19-D19)/D19, 0) | H19: =IF(D19=0, "未入力", IF(G19>=0.03, "OK (適合)", "⚠️ 3%未満 (危険)"))
B20: 従業員 J | C20: 有期契約社員 | D20: 0 | E20: 0 | F20: =E20-D20 | G20: =IF(D20>0, (E20-D20)/D20, 0) | H20: =IF(D20=0, "未入力", IF(G20>=0.03, "OK (適合)", "⚠️ 3%未満 (危険)"))

Sheet 申請要件＆不支給防止チェック
B2: キャリアアップ助成金（賃金規定等改定コース）不支給防止 最終確認チェックリスト
B3: ※労働局審査での一発却下（不支給）を防ぐため、申請書提出前に必ず以下の8大必須要件を確認してください。
B5: No. | C5: 確認区分 | D5: 審査要件・チェック項目 | E5: 適合判定 | F5: 不支給防止のための具体的対策・解説 | G5: 提出時 必須添付書類
B6: 1 | C6: 1. 計画事前提出 | D6: キャリアアップ計画書が改定日の前日までに労働局に提出され、受領印を受領しているか？ | E6: 適合 | F6: 改定日当日の提出は不可。受領印のある計画書（写）が必須。 | G6: キャリアアップ計画書（写）
B7: 2 | C7: 2. 昇給率要件 | D7: すべての対象労働者で基本給が「3.0%以上」正しく引き上げられているか？ | E7: 適合 | F7: 端数処理で2.99%等になると一発不支給。個別の事前計算が必須。 | G7: 改定前後の賃金比較表・賃金規程
B8: 3 | C8: 3. 運用実績 | D8: 改定前の賃金規程等が「3か月以上」適正に運用されていた実績があるか？ | E8: 適合 | F8: 改定前3か月分の賃金台帳・出勤簿で旧規程どおり支給されていることを証明。 | G8: 改定前3か月分の賃金台帳・出勤簿
B9: 4 | C9: 4. 就業規則届出 | D9: 改定後の賃金規程が労働基準監督署へ届け出られ、受領印を受領しているか？ | E9: 適合 | F9: 従業員10人未満の事業場でも労基署への届出（または意見書添え）が必要。 | G9: 就業規則変更届・意見書（写）
B10: 5 | C10: 5. 周知実績 | D10: 改定後の賃金規程が全従業員に書面または社内掲示等で周知されているか？ | E10: 適合 | F10: 周知年月日がわかる社内掲示物や周知結果報告書を保管しておくこと。 | G10: 就業規則周知書・社内掲示写真
B11: 6 | C11: 6. 手当減額禁止 | D11: 基本給を引き上げる一方で、他の手当や賞与を合理的な理由なく減額していないか？ | E11: 適合 | F11: 基本給を3%上げても諸手当を減額すると「処遇改善なし」とみなされ不支給。 | G11: 改定前後の各種手当支給実績
B12: 7 | C12: 7. 実働日数要件 | D12: 改定後6か月間の各月において、対象労働者の勤務日数が11日以上あるか？ | E12: 適合 | F12: 月11日未満の月がある場合、その月は算定から除外され申請時期が延期。 | G12: 改定後6か月分の出勤簿・タイムカード
B13: 8 | C13: 8. 申請期限厳守 | D13: 6か月目の賃金支給日の翌日から「2か月以内」に申請書を提出しているか？ | E13: 適合 | F13: 1日でも期限を過ぎると理由を問わず却下。電子申請または書留郵送。 | G13: 支給申請書（様式第3号）・内訳書
