Workbook

Sheet 入力シート
A1: キャリアアップ助成金（正社員化コース）要件チェックシート
A2: ※黄色セルに入力してください 自動計算セルは変更しないでください
A4: 【企業情報】
A5: 事業所名 | E5: 企業規模
A6: 事業所番号（雇用保険） | E6: キャリアアップ計画 提出日
A7: 所在地 | E7: キャリアアップ計画 受理日
A8: 担当社労士 | E8: 就業規則 転換規定
A10: 【対象者情報】
A11: No. | B11: 対象者氏名 | C11: 雇用形態 | D11: 雇用開始日 | E11: 転換日 | F11: 雇用期間 (日数) | G11: 転換前賃金 (月額) | H11: 転換後賃金 (月額) | I11: 賃金UP率 | J11: 会社都合 離職者数 (過去6ヶ月) | K11: 備考
A12: 1 | F12: =IF(AND(D12<>"",E12<>""),E12-D12,"") | I12: =IF(AND(G12<>"",H12<>"",G12>0),(H12-G12)/G12,"")
A13: 2 | F13: =IF(AND(D13<>"",E13<>""),E13-D13,"") | I13: =IF(AND(G13<>"",H13<>"",G13>0),(H13-G13)/G13,"")
A14: 3 | F14: =IF(AND(D14<>"",E14<>""),E14-D14,"") | I14: =IF(AND(G14<>"",H14<>"",G14>0),(H14-G14)/G14,"")
A15: 4 | F15: =IF(AND(D15<>"",E15<>""),E15-D15,"") | I15: =IF(AND(G15<>"",H15<>"",G15>0),(H15-G15)/G15,"")
A16: 5 | F16: =IF(AND(D16<>"",E16<>""),E16-D16,"") | I16: =IF(AND(G16<>"",H16<>"",G16>0),(H16-G16)/G16,"")
A17: 6 | F17: =IF(AND(D17<>"",E17<>""),E17-D17,"") | I17: =IF(AND(G17<>"",H17<>"",G17>0),(H17-G17)/G17,"")
A18: 7 | F18: =IF(AND(D18<>"",E18<>""),E18-D18,"") | I18: =IF(AND(G18<>"",H18<>"",G18>0),(H18-G18)/G18,"")
A19: 8 | F19: =IF(AND(D19<>"",E19<>""),E19-D19,"") | I19: =IF(AND(G19<>"",H19<>"",G19>0),(H19-G19)/G19,"")
A20: 9 | F20: =IF(AND(D20<>"",E20<>""),E20-D20,"") | I20: =IF(AND(G20<>"",H20<>"",G20>0),(H20-G20)/G20,"")
A21: 10 | F21: =IF(AND(D21<>"",E21<>""),E21-D21,"") | I21: =IF(AND(G21<>"",H21<>"",G21>0),(H21-G21)/G21,"")
A22: 11 | F22: =IF(AND(D22<>"",E22<>""),E22-D22,"") | I22: =IF(AND(G22<>"",H22<>"",G22>0),(H22-G22)/G22,"")
A23: 12 | F23: =IF(AND(D23<>"",E23<>""),E23-D23,"") | I23: =IF(AND(G23<>"",H23<>"",G23>0),(H23-G23)/G23,"")
... A31: 20 | F31: =IF(AND(D31<>"",E31<>""),E31-D31,"") | I31: =IF(AND(G31<>"",H31<>"",G31>0),(H31-G31)/G31,"")

Sheet 判定結果
A1: キャリアアップ助成金（正社員化コース）判定結果
A2: ※入力シートの値を自動で判定します 変更しないでください
A4: No. | B4: 対象者氏名 | C4: 雇用期間 (6ヶ月以上) | D4: 賃金UP (3%以上) | E4: 就業規則 転換規定 | F4: 会社都合 離職者なし | G4: 計画 受理済み | H4: 総合判定 | I4: 助成見込額 (中小企業) | J4: 申請期限 (開始) | K4: 申請期限 (終了) | L4: 備考
A5: =入力シート!A12 | B5: =入力シート!B12 | C5: =IF(入力シート!D12="","－",IF(入力シート!F12>=180,"✅ OK","❌ NG")) | D5: =IF(入力シート!G12="","－",IF(入力シート!I12>=0.03,"✅ OK","❌ NG")) | E5: =IF(入力シート!H8="","⚠️ 未確認",IF(入力シート!H8="あり","✅ OK","❌ NG")) | F5: =IF(入力シート!J12="","⚠️ 未確認",IF(入力シート!J12=0,"✅ OK","❌ NG")) | G5: =IF(入力シート!H7="","⚠️ 未確認","✅ OK") | H5: =IF(入力シート!B12="","",IF(AND(C5="✅ OK",D5="✅ OK",E5="✅ OK",F5="✅ OK",G5="✅ OK"),"✅ 申請可","⚠️ 要確認")) | I5: =IF(入力シート!B12="","",IF(入力シート!H5="大企業",IF(入力シート!C12="派遣",570000,IF(入力シート!C12="有期契約",425000,215000)),IF(入力シート!C12="派遣",720000,IF(入力シート!C12="有期契約",570000,285000)))) | J5: =IF(入力シート!E12="","",EDATE(入力シート!E12,6)) | K5: =IF(入力シート!E12="","",EDATE(入力シート!E12,8))
A6: =入力シート!A13 | B6: =入力シート!B13 | C6: =IF(入力シート!D13="","－",IF(入力シート!F13>=180,"✅ OK","❌ NG")) | D6: =IF(入力シート!G13="","－",IF(入力シート!I13>=0.03,"✅ OK","❌ NG")) | E6: =IF(入力シート!H8="","⚠️ 未確認",IF(入力シート!H8="あり","✅ OK","❌ NG")) | F6: =IF(入力シート!J13="","⚠️ 未確認",IF(入力シート!J13=0,"✅ OK","❌ NG")) | G6: =IF(入力シート!H7="","⚠️ 未確認","✅ OK") | H6: =IF(入力シート!B13="","",IF(AND(C6="✅ OK",D6="✅ OK",E6="✅ OK",F6="✅ OK",G6="✅ OK"),"✅ 申請可","⚠️ 要確認")) | I6: =IF(入力シート!B13="","",IF(入力シート!H5="大企業",IF(入力シート!C13="派遣",570000,IF(入力シート!C13="有期契約",425000,215000)),IF(入力シート!C13="派遣",720000,IF(入力シート!C13="有期契約",570000,285000)))) | J6: =IF(入力シート!E13="","",EDATE(入力シート!E13,6)) | K6: =IF(入力シート!E13="","",EDATE(入力シート!E13,8))
A7: =入力シート!A14 | B7: =入力シート!B14 | C7: =IF(入力シート!D14="","－",IF(入力シート!F14>=180,"✅ OK","❌ NG")) | D7: =IF(入力シート!G14="","－",IF(入力シート!I14>=0.03,"✅ OK","❌ NG")) | E7: =IF(入力シート!H8="","⚠️ 未確認",IF(入力シート!H8="あり","✅ OK","❌ NG")) | F7: =IF(入力シート!J14="","⚠️ 未確認",IF(入力シート!J14=0,"✅ OK","❌ NG")) | G7: =IF(入力シート!H7="","⚠️ 未確認","✅ OK") | H7: =IF(入力シート!B14="","",IF(AND(C7="✅ OK",D7="✅ OK",E7="✅ OK",F7="✅ OK",G7="✅ OK"),"✅ 申請可","⚠️ 要確認")) | I7: =IF(入力シート!B14="","",IF(入力シート!H5="大企業",IF(入力シート!C14="派遣",570000,IF(入力シート!C14="有期契約",425000,215000)),IF(入力シート!C14="派遣",720000,IF(入力シート!C14="有期契約",570000,285000)))) | J7: =IF(入力シート!E14="","",EDATE(入力シート!E14,6)) | K7: =IF(入力シート!E14="","",EDATE(入力シート!E14,8))
A8: =入力シート!A15 | B8: =入力シート!B15 | C8: =IF(入力シート!D15="","－",IF(入力シート!F15>=180,"✅ OK","❌ NG")) | D8: =IF(入力シート!G15="","－",IF(入力シート!I15>=0.03,"✅ OK","❌ NG")) | E8: =IF(入力シート!H8="","⚠️ 未確認",IF(入力シート!H8="あり","✅ OK","❌ NG")) | F8: =IF(入力シート!J15="","⚠️ 未確認",IF(入力シート!J15=0,"✅ OK","❌ NG")) | G8: =IF(入力シート!H7="","⚠️ 未確認","✅ OK") | H8: =IF(入力シート!B15="","",IF(AND(C8="✅ OK",D8="✅ OK",E8="✅ OK",F8="✅ OK",G8="✅ OK"),"✅ 申請可","⚠️ 要確認")) | I8: =IF(入力シート!B15="","",IF(入力シート!H5="大企業",IF(入力シート!C15="派遣",570000,IF(入力シート!C15="有期契約",425000,215000)),IF(入力シート!C15="派遣",720000,IF(入力シート!C15="有期契約",570000,285000)))) | J8: =IF(入力シート!E15="","",EDATE(入力シート!E15,6)) | K8: =IF(入力シート!E15="","",EDATE(入力シート!E15,8))
A9: =入力シート!A16 | B9: =入力シート!B16 | C9: =IF(入力シート!D16="","－",IF(入力シート!F16>=180,"✅ OK","❌ NG")) | D9: =IF(入力シート!G16="","－",IF(入力シート!I16>=0.03,"✅ OK","❌ NG")) | E9: =IF(入力シート!H8="","⚠️ 未確認",IF(入力シート!H8="あり","✅ OK","❌ NG")) | F9: =IF(入力シート!J16="","⚠️ 未確認",IF(入力シート!J16=0,"✅ OK","❌ NG")) | G9: =IF(入力シート!H7="","⚠️ 未確認","✅ OK") | H9: =IF(入力シート!B16="","",IF(AND(C9="✅ OK",D9="✅ OK",E9="✅ OK",F9="✅ OK",G9="✅ OK"),"✅ 申請可","⚠️ 要確認")) | I9: =IF(入力シート!B16="","",IF(入力シート!H5="大企業",IF(入力シート!C16="派遣",570000,IF(入力シート!C16="有期契約",425000,215000)),IF(入力シート!C16="派遣",720000,IF(入力シート!C16="有期契約",570000,285000)))) | J9: =IF(入力シート!E16="","",EDATE(入力シート!E16,6)) | K9: =IF(入力シート!E16="","",EDATE(入力シート!E16,8))
A10: =入力シート!A17 | B10: =入力シート!B17 | C10: =IF(入力シート!D17="","－",IF(入力シート!F17>=180,"✅ OK","❌ NG")) | D10: =IF(入力シート!G17="","－",IF(入力シート!I17>=0.03,"✅ OK","❌ NG")) | E10: =IF(入力シート!H8="","⚠️ 未確認",IF(入力シート!H8="あり","✅ OK","❌ NG")) | F10: =IF(入力シート!J17="","⚠️ 未確認",IF(入力シート!J17=0,"✅ OK","❌ NG")) | G10: =IF(入力シート!H7="","⚠️ 未確認","✅ OK") | H10: =IF(入力シート!B17="","",IF(AND(C10="✅ OK",D10="✅ OK",E10="✅ OK",F10="✅ OK",G10="✅ OK"),"✅ 申請可","⚠️ 要確認")) | I10: =IF(入力シート!B17="","",IF(入力シート!H5="大企業",IF(入力シート!C17="派遣",570000,IF(入力シート!C17="有期契約",425000,215000)),IF(入力シート!C17="派遣",720000,IF(入力シート!C17="有期契約",570000,285000)))) | J10: =IF(入力シート!E17="","",EDATE(入力シート!E17,6)) | K10: =IF(入力シート!E17="","",EDATE(入力シート!E17,8))
A11: =入力シート!A18 | B11: =入力シート!B18 | C11: =IF(入力シート!D18="","－",IF(入力シート!F18>=180,"✅ OK","❌ NG")) | D11: =IF(入力シート!G18="","－",IF(入力シート!I18>=0.03,"✅ OK","❌ NG")) | E11: =IF(入力シート!H8="","⚠️ 未確認",IF(入力シート!H8="あり","✅ OK","❌ NG")) | F11: =IF(入力シート!J18="","⚠️ 未確認",IF(入力シート!J18=0,"✅ OK","❌ NG")) | G11: =IF(入力シート!H7="","⚠️ 未確認","✅ OK") | H11: =IF(入力シート!B18="","",IF(AND(C11="✅ OK",D11="✅ OK",E11="✅ OK",F11="✅ OK",G11="✅ OK"),"✅ 申請可","⚠️ 要確認")) | I11: =IF(入力シート!B18="","",IF(入力シート!H5="大企業",IF(入力シート!C18="派遣",570000,IF(入力シート!C18="有期契約",425000,215000)),IF(入力シート!C18="派遣",720000,IF(入力シート!C18="有期契約",570000,285000)))) | J11: =IF(入力シート!E18="","",EDATE(入力シート!E18,6)) | K11: =IF(入力シート!E18="","",EDATE(入力シート!E18,8))
A12: =入力シート!A19 | B12: =入力シート!B19 | C12: =IF(入力シート!D19="","－",IF(入力シート!F19>=180,"✅ OK","❌ NG")) | D12: =IF(入力シート!G19="","－",IF(入力シート!I19>=0.03,"✅ OK","❌ NG")) | E12: =IF(入力シート!H8="","⚠️ 未確認",IF(入力シート!H8="あり","✅ OK","❌ NG")) | F12: =IF(入力シート!J19="","⚠️ 未確認",IF(入力シート!J19=0,"✅ OK","❌ NG")) | G12: =IF(入力シート!H7="","⚠️ 未確認","✅ OK") | H12: =IF(入力シート!B19="","",IF(AND(C12="✅ OK",D12="✅ OK",E12="✅ OK",F12="✅ OK",G12="✅ OK"),"✅ 申請可","⚠️ 要確認")) | I12: =IF(入力シート!B19="","",IF(入力シート!H5="大企業",IF(入力シート!C19="派遣",570000,IF(入力シート!C19="有期契約",425000,215000)),IF(入力シート!C19="派遣",720000,IF(入力シート!C19="有期契約",570000,285000)))) | J12: =IF(入力シート!E19="","",EDATE(入力シート!E19,6)) | K12: =IF(入力シート!E19="","",EDATE(入力シート!E19,8))
A13: =入力シート!A20 | B13: =入力シート!B20 | C13: =IF(入力シート!D20="","－",IF(入力シート!F20>=180,"✅ OK","❌ NG")) | D13: =IF(入力シート!G20="","－",IF(入力シート!I20>=0.03,"✅ OK","❌ NG")) | E13: =IF(入力シート!H8="","⚠️ 未確認",IF(入力シート!H8="あり","✅ OK","❌ NG")) | F13: =IF(入力シート!J20="","⚠️ 未確認",IF(入力シート!J20=0,"✅ OK","❌ NG")) | G13: =IF(入力シート!H7="","⚠️ 未確認","✅ OK") | H13: =IF(入力シート!B20="","",IF(AND(C13="✅ OK",D13="✅ OK",E13="✅ OK",F13="✅ OK",G13="✅ OK"),"✅ 申請可","⚠️ 要確認")) | I13: =IF(入力シート!B20="","",IF(入力シート!H5="大企業",IF(入力シート!C20="派遣",570000,IF(入力シート!C20="有期契約",425000,215000)),IF(入力シート!C20="派遣",720000,IF(入力シート!C20="有期契約",570000,285000)))) | J13: =IF(入力シート!E20="","",EDATE(入力シート!E20,6)) | K13: =IF(入力シート!E20="","",EDATE(入力シート!E20,8))
A14: =入力シート!A21 | B14: =入力シート!B21 | C14: =IF(入力シート!D21="","－",IF(入力シート!F21>=180,"✅ OK","❌ NG")) | D14: =IF(入力シート!G21="","－",IF(入力シート!I21>=0.03,"✅ OK","❌ NG")) | E14: =IF(入力シート!H8="","⚠️ 未確認",IF(入力シート!H8="あり","✅ OK","❌ NG")) | F14: =IF(入力シート!J21="","⚠️ 未確認",IF(入力シート!J21=0,"✅ OK","❌ NG")) | G14: =IF(入力シート!H7="","⚠️ 未確認","✅ OK") | H14: =IF(入力シート!B21="","",IF(AND(C14="✅ OK",D14="✅ OK",E14="✅ OK",F14="✅ OK",G14="✅ OK"),"✅ 申請可","⚠️ 要確認")) | I14: =IF(入力シート!B21="","",IF(入力シート!H5="大企業",IF(入力シート!C21="派遣",570000,IF(入力シート!C21="有期契約",425000,215000)),IF(入力シート!C21="派遣",720000,IF(入力シート!C21="有期契約",570000,285000)))) | J14: =IF(入力シート!E21="","",EDATE(入力シート!E21,6)) | K14: =IF(入力シート!E21="","",EDATE(入力シート!E21,8))
A15: =入力シート!A22 | B15: =入力シート!B22 | C15: =IF(入力シート!D22="","－",IF(入力シート!F22>=180,"✅ OK","❌ NG")) | D15: =IF(入力シート!G22="","－",IF(入力シート!I22>=0.03,"✅ OK","❌ NG")) | E15: =IF(入力シート!H8="","⚠️ 未確認",IF(入力シート!H8="あり","✅ OK","❌ NG")) | F15: =IF(入力シート!J22="","⚠️ 未確認",IF(入力シート!J22=0,"✅ OK","❌ NG")) | G15: =IF(入力シート!H7="","⚠️ 未確認","✅ OK") | H15: =IF(入力シート!B22="","",IF(AND(C15="✅ OK",D15="✅ OK",E15="✅ OK",F15="✅ OK",G15="✅ OK"),"✅ 申請可","⚠️ 要確認")) | I15: =IF(入力シート!B22="","",IF(入力シート!H5="大企業",IF(入力シート!C22="派遣",570000,IF(入力シート!C22="有期契約",425000,215000)),IF(入力シート!C22="派遣",720000,IF(入力シート!C22="有期契約",570000,285000)))) | J15: =IF(入力シート!E22="","",EDATE(入力シート!E22,6)) | K15: =IF(入力シート!E22="","",EDATE(入力シート!E22,8))
A16: =入力シート!A23 | B16: =入力シート!B23 | C16: =IF(入力シート!D23="","－",IF(入力シート!F23>=180,"✅ OK","❌ NG")) | D16: =IF(入力シート!G23="","－",IF(入力シート!I23>=0.03,"✅ OK","❌ NG")) | E16: =IF(入力シート!H8="","⚠️ 未確認",IF(入力シート!H8="あり","✅ OK","❌ NG")) | F16: =IF(入力シート!J23="","⚠️ 未確認",IF(入力シート!J23=0,"✅ OK","❌ NG")) | G16: =IF(入力シート!H7="","⚠️ 未確認","✅ OK") | H16: =IF(入力シート!B23="","",IF(AND(C16="✅ OK",D16="✅ OK",E16="✅ OK",F16="✅ OK",G16="✅ OK"),"✅ 申請可","⚠️ 要確認")) | I16: =IF(入力シート!B23="","",IF(入力シート!H5="大企業",IF(入力シート!C23="派遣",570000,IF(入力シート!C23="有期契約",425000,215000)),IF(入力シート!C23="派遣",720000,IF(入力シート!C23="有期契約",570000,285000)))) | J16: =IF(入力シート!E23="","",EDATE(入力シート!E23,6)) | K16: =IF(入力シート!E23="","",EDATE(入力シート!E23,8))
A17: =入力シート!A24 | B17: =入力シート!B24 | C17: =IF(入力シート!D24="","－",IF(入力シート!F24>=180,"✅ OK","❌ NG")) | D17: =IF(入力シート!G24="","－",IF(入力シート!I24>=0.03,"✅ OK","❌ NG")) | E17: =IF(入力シート!H8="","⚠️ 未確認",IF(入力シート!H8="あり","✅ OK","❌ NG")) | F17: =IF(入力シート!J24="","⚠️ 未確認",IF(入力シート!J24=0,"✅ OK","❌ NG")) | G17: =IF(入力シート!H7="","⚠️ 未確認","✅ OK") | H17: =IF(入力シート!B24="","",IF(AND(C17="✅ OK",D17="✅ OK",E17="✅ OK",F17="✅ OK",G17="✅ OK"),"✅ 申請可","⚠️ 要確認")) | I17: =IF(入力シート!B24="","",IF(入力シート!H5="大企業",IF(入力シート!C24="派遣",570000,IF(入力シート!C24="有期契約",425000,215000)),IF(入力シート!C24="派遣",720000,IF(入力シート!C24="有期契約",570000,285000)))) | J17: =IF(入力シート!E24="","",EDATE(入力シート!E24,6)) | K17: =IF(入力シート!E24="","",EDATE(入力シート!E24,8))
A18: =入力シート!A25 | B18: =入力シート!B25 | C18: =IF(入力シート!D25="","－",IF(入力シート!F25>=180,"✅ OK","❌ NG")) | D18: =IF(入力シート!G25="","－",IF(入力シート!I25>=0.03,"✅ OK","❌ NG")) | E18: =IF(入力シート!H8="","⚠️ 未確認",IF(入力シート!H8="あり","✅ OK","❌ NG")) | F18: =IF(入力シート!J25="","⚠️ 未確認",IF(入力シート!J25=0,"✅ OK","❌ NG")) | G18: =IF(入力シート!H7="","⚠️ 未確認","✅ OK") | H18: =IF(入力シート!B25="","",IF(AND(C18="✅ OK",D18="✅ OK",E18="✅ OK",F18="✅ OK",G18="✅ OK"),"✅ 申請可","⚠️ 要確認")) | I18: =IF(入力シート!B25="","",IF(入力シート!H5="大企業",IF(入力シート!C25="派遣",570000,IF(入力シート!C25="有期契約",425000,215000)),IF(入力シート!C25="派遣",720000,IF(入力シート!C25="有期契約",570000,285000)))) | J18: =IF(入力シート!E25="","",EDATE(入力シート!E25,6)) | K18: =IF(入力シート!E25="","",EDATE(入力シート!E25,8))
A19: =入力シート!A26 | B19: =入力シート!B26 | C19: =IF(入力シート!D26="","－",IF(入力シート!F26>=180,"✅ OK","❌ NG")) | D19: =IF(入力シート!G26="","－",IF(入力シート!I26>=0.03,"✅ OK","❌ NG")) | E19: =IF(入力シート!H8="","⚠️ 未確認",IF(入力シート!H8="あり","✅ OK","❌ NG")) | F19: =IF(入力シート!J26="","⚠️ 未確認",IF(入力シート!J26=0,"✅ OK","❌ NG")) | G19: =IF(入力シート!H7="","⚠️ 未確認","✅ OK") | H19: =IF(入力シート!B26="","",IF(AND(C19="✅ OK",D19="✅ OK",E19="✅ OK",F19="✅ OK",G19="✅ OK"),"✅ 申請可","⚠️ 要確認")) | I19: =IF(入力シート!B26="","",IF(入力シート!H5="大企業",IF(入力シート!C26="派遣",570000,IF(入力シート!C26="有期契約",425000,215000)),IF(入力シート!C26="派遣",720000,IF(入力シート!C26="有期契約",570000,285000)))) | J19: =IF(入力シート!E26="","",EDATE(入力シート!E26,6)) | K19: =IF(入力シート!E26="","",EDATE(入力シート!E26,8))
A20: =入力シート!A27 | B20: =入力シート!B27 | C20: =IF(入力シート!D27="","－",IF(入力シート!F27>=180,"✅ OK","❌ NG")) | D20: =IF(入力シート!G27="","－",IF(入力シート!I27>=0.03,"✅ OK","❌ NG")) | E20: =IF(入力シート!H8="","⚠️ 未確認",IF(入力シート!H8="あり","✅ OK","❌ NG")) | F20: =IF(入力シート!J27="","⚠️ 未確認",IF(入力シート!J27=0,"✅ OK","❌ NG")) | G20: =IF(入力シート!H7="","⚠️ 未確認","✅ OK") | H20: =IF(入力シート!B27="","",IF(AND(C20="✅ OK",D20="✅ OK",E20="✅ OK",F20="✅ OK",G20="✅ OK"),"✅ 申請可","⚠️ 要確認")) | I20: =IF(入力シート!B27="","",IF(入力シート!H5="大企業",IF(入力シート!C27="派遣",570000,IF(入力シート!C27="有期契約",425000,215000)),IF(入力シート!C27="派遣",720000,IF(入力シート!C27="有期契約",570000,285000)))) | J20: =IF(入力シート!E27="","",EDATE(入力シート!E27,6)) | K20: =IF(入力シート!E27="","",EDATE(入力シート!E27,8))
A21: =入力シート!A28 | B21: =入力シート!B28 | C21: =IF(入力シート!D28="","－",IF(入力シート!F28>=180,"✅ OK","❌ NG")) | D21: =IF(入力シート!G28="","－",IF(入力シート!I28>=0.03,"✅ OK","❌ NG")) | E21: =IF(入力シート!H8="","⚠️ 未確認",IF(入力シート!H8="あり","✅ OK","❌ NG")) | F21: =IF(入力シート!J28="","⚠️ 未確認",IF(入力シート!J28=0,"✅ OK","❌ NG")) | G21: =IF(入力シート!H7="","⚠️ 未確認","✅ OK") | H21: =IF(入力シート!B28="","",IF(AND(C21="✅ OK",D21="✅ OK",E21="✅ OK",F21="✅ OK",G21="✅ OK"),"✅ 申請可","⚠️ 要確認")) | I21: =IF(入力シート!B28="","",IF(入力シート!H5="大企業",IF(入力シート!C28="派遣",570000,IF(入力シート!C28="有期契約",425000,215000)),IF(入力シート!C28="派遣",720000,IF(入力シート!C28="有期契約",570000,285000)))) | J21: =IF(入力シート!E28="","",EDATE(入力シート!E28,6)) | K21: =IF(入力シート!E28="","",EDATE(入力シート!E28,8))
A22: =入力シート!A29 | B22: =入力シート!B29 | C22: =IF(入力シート!D29="","－",IF(入力シート!F29>=180,"✅ OK","❌ NG")) | D22: =IF(入力シート!G29="","－",IF(入力シート!I29>=0.03,"✅ OK","❌ NG")) | E22: =IF(入力シート!H8="","⚠️ 未確認",IF(入力シート!H8="あり","✅ OK","❌ NG")) | F22: =IF(入力シート!J29="","⚠️ 未確認",IF(入力シート!J29=0,"✅ OK","❌ NG")) | G22: =IF(入力シート!H7="","⚠️ 未確認","✅ OK") | H22: =IF(入力シート!B29="","",IF(AND(C22="✅ OK",D22="✅ OK",E22="✅ OK",F22="✅ OK",G22="✅ OK"),"✅ 申請可","⚠️ 要確認")) | I22: =IF(入力シート!B29="","",IF(入力シート!H5="大企業",IF(入力シート!C29="派遣",570000,IF(入力シート!C29="有期契約",425000,215000)),IF(入力シート!C29="派遣",720000,IF(入力シート!C29="有期契約",570000,285000)))) | J22: =IF(入力シート!E29="","",EDATE(入力シート!E29,6)) | K22: =IF(入力シート!E29="","",EDATE(入力シート!E29,8))
A23: =入力シート!A30 | B23: =入力シート!B30 | C23: =IF(入力シート!D30="","－",IF(入力シート!F30>=180,"✅ OK","❌ NG")) | D23: =IF(入力シート!G30="","－",IF(入力シート!I30>=0.03,"✅ OK","❌ NG")) | E23: =IF(入力シート!H8="","⚠️ 未確認",IF(入力シート!H8="あり","✅ OK","❌ NG")) | F23: =IF(入力シート!J30="","⚠️ 未確認",IF(入力シート!J30=0,"✅ OK","❌ NG")) | G23: =IF(入力シート!H7="","⚠️ 未確認","✅ OK") | H23: =IF(入力シート!B30="","",IF(AND(C23="✅ OK",D23="✅ OK",E23="✅ OK",F23="✅ OK",G23="✅ OK"),"✅ 申請可","⚠️ 要確認")) | I23: =IF(入力シート!B30="","",IF(入力シート!H5="大企業",IF(入力シート!C30="派遣",570000,IF(入力シート!C30="有期契約",425000,215000)),IF(入力シート!C30="派遣",720000,IF(入力シート!C30="有期契約",570000,285000)))) | J23: =IF(入力シート!E30="","",EDATE(入力シート!E30,6)) | K23: =IF(入力シート!E30="","",EDATE(入力シート!E30,8))
A24: =入力シート!A31 | B24: =入力シート!B31 | C24: =IF(入力シート!D31="","－",IF(入力シート!F31>=180,"✅ OK","❌ NG")) | D24: =IF(入力シート!G31="","－",IF(入力シート!I31>=0.03,"✅ OK","❌ NG")) | E24: =IF(入力シート!H8="","⚠️ 未確認",IF(入力シート!H8="あり","✅ OK","❌ NG")) | F24: =IF(入力シート!J31="","⚠️ 未確認",IF(入力シート!J31=0,"✅ OK","❌ NG")) | G24: =IF(入力シート!H7="","⚠️ 未確認","✅ OK") | H24: =IF(入力シート!B31="","",IF(AND(C24="✅ OK",D24="✅ OK",E24="✅ OK",F24="✅ OK",G24="✅ OK"),"✅ 申請可","⚠️ 要確認")) | I24: =IF(入力シート!B31="","",IF(入力シート!H5="大企業",IF(入力シート!C31="派遣",570000,IF(入力シート!C31="有期契約",425000,215000)),IF(入力シート!C31="派遣",720000,IF(入力シート!C31="有期契約",570000,285000)))) | J24: =IF(入力シート!E31="","",EDATE(入力シート!E31,6)) | K24: =IF(入力シート!E31="","",EDATE(入力シート!E31,8))

Sheet 要件一覧
A1: キャリアアップ助成金（正社員化コース）要件一覧【参照用】
A3: 【事前要件】転換前に確認
B4: キャリアアップ計画 | C4: 転換日の前日までに労働局へ提出・受理が必要
B5: 就業規則の転換規定 | C5: 正社員転換を規定した条文が必要（転換日前に届出済みであること）
B6: 雇用形態 | C6: 有期契約・無期契約・派遣社員が対象
B7: 雇用期間 | C7: 転換前に同一事業所で6ヶ月以上継続雇用されていること
B8: 会社都合離職者 | C8: 転換日の前日から過去6ヶ月以内に特定受給資格者となる離職者がいないこと
B9: 雇用保険 | C9: 雇用保険適用事業所であること
A11: 【転換時の要件】
B12: 転換後の雇用形態 | C12: 無期・フルタイムの正規雇用労働者であること
B13: 賃金の増額 | C13: 転換前と比較して3%以上の賃金増額が必要
B14: 転換根拠 | C14: 就業規則に基づく転換であること
A16: 【申請時の要件】
B17: 支給申請期限 | C17: 転換日から6ヶ月後の翌日〜8ヶ月後の末日（2ヶ月間）
B18: 賃金支払い | C18: 転換後6ヶ月分の賃金を支払い済みであること
B19: 添付書類 | C19: 雇用契約書、賃金台帳、転換前後の出勤簿、就業規則など
A21: 【助成額（2024年度）】
B22: 有期→正規（中小企業） | C22: 57万円／人（年間上限20人）
B23: 有期→正規（大企業） | C23: 42.5万円／人
B24: 無期→正規（中小企業） | C24: 28.5万円／人
B25: 無期→正規（大企業） | C25: 21.5万円／人
B26: 派遣→正規（中小企業） | C26: 72万円／人
B27: 派遣→正規（大企業） | C27: 57万円／人
A29: ※ 要件・助成額は法改正により変更となる場合があります。必ず最新の厚労省資料をご確認ください。
