Workbook

Sheet 入力シート
A1: キャリアアップ助成金（正社員化コース）要件チェックシート 令和8年度（2026年度）版
A2: ※黄色セルに入力してください 灰色セルは自動計算のため変更不要
A4: 【企業情報】
A5: 事業所名 | E5: 企業規模
A6: 事業所番号（雇用保険） | E6: キャリアアップ計画 提出日
A7: 所在地 | E7: キャリアアップ計画 受理日
A8: 担当社労士 | E8: 就業規則 転換規定
E9: 情報公表（令和8年度新設）
A11: 【対象者情報】
A12: No. | B12: 対象者氏名 | C12: 雇用形態 | D12: 重点支援 対象者 ※ | E12: 雇用開始日 | F12: 転換日 | G12: 雇用期間 (日数) 自動 | H12: 転換前賃金 (月額) | I12: 転換後賃金 (月額) | J12: 賃金UP率 自動 | K12: 会社都合 離職者数 (過去6ヶ月) | L12: 備考
A13: ※ 重点支援対象者: 派遣労働者・雇入れ3年以上の有期労働者・過去5年間で正規雇用1年以下かつ過去1年間正規未就労の有期労働者 など 派遣は自動的に「はい」
A14: 1 | D14: =IF(C14="派遣","はい","") | G14: =IF(AND(E14<>"",F14<>""),F14-E14,"") | J14: =IF(AND(H14<>"",I14<>"",H14>0),(I14-H14)/H14,"")
A15: 2 | D15: =IF(C15="派遣","はい","") | G15: =IF(AND(E15<>"",F15<>""),F15-E15,"") | J15: =IF(AND(H15<>"",I15<>"",H15>0),(I15-H15)/H15,"")
A16: 3 | D16: =IF(C16="派遣","はい","") | G16: =IF(AND(E16<>"",F16<>""),F16-E16,"") | J16: =IF(AND(H16<>"",I16<>"",H16>0),(I16-H16)/H16,"")
A17: 4 | D17: =IF(C17="派遣","はい","") | G17: =IF(AND(E17<>"",F17<>""),F17-E17,"") | J17: =IF(AND(H17<>"",I17<>"",H17>0),(I17-H17)/H17,"")
A18: 5 | D18: =IF(C18="派遣","はい","") | G18: =IF(AND(E18<>"",F18<>""),F18-E18,"") | J18: =IF(AND(H18<>"",I18<>"",H18>0),(I18-H18)/H18,"")
A19: 6 | D19: =IF(C19="派遣","はい","") | G19: =IF(AND(E19<>"",F19<>""),F19-E19,"") | J19: =IF(AND(H19<>"",I19<>"",H19>0),(I19-H19)/H19,"")
A20: 7 | D20: =IF(C20="派遣","はい","") | G20: =IF(AND(E20<>"",F20<>""),F20-E20,"") | J20: =IF(AND(H20<>"",I20<>"",H20>0),(I20-H20)/H20,"")
A21: 8 | D21: =IF(C21="派遣","はい","") | G21: =IF(AND(E21<>"",F21<>""),F21-E21,"") | J21: =IF(AND(H21<>"",I21<>"",H21>0),(I21-H21)/H21,"")
A22: 9 | D22: =IF(C22="派遣","はい","") | G22: =IF(AND(E22<>"",F22<>""),F22-E22,"") | J22: =IF(AND(H22<>"",I22<>"",H22>0),(I22-H22)/H22,"")
A23: 10 | D23: =IF(C23="派遣","はい","") | G23: =IF(AND(E23<>"",F23<>""),F23-E23,"") | J23: =IF(AND(H23<>"",I23<>"",H23>0),(I23-H23)/H23,"")
A24: 11 | D24: =IF(C24="派遣","はい","") | G24: =IF(AND(E24<>"",F24<>""),F24-E24,"") | J24: =IF(AND(H24<>"",I24<>"",H24>0),(I24-H24)/H24,"")
A25: 12 | D25: =IF(C25="派遣","はい","") | G25: =IF(AND(E25<>"",F25<>""),F25-E25,"") | J25: =IF(AND(H25<>"",I25<>"",H25>0),(I25-H25)/H25,"")
... A33: 20 | D33: =IF(C33="派遣","はい","") | G33: =IF(AND(E33<>"",F33<>""),F33-E33,"") | J33: =IF(AND(H33<>"",I33<>"",H33>0),(I33-H33)/H33,"")

Sheet 判定結果
A1: キャリアアップ助成金（正社員化コース）判定結果 令和8年度（2026年度）版
A2: ※入力シートの値を自動判定します 変更しないでください
A4: No. | B4: 対象者氏名 | C4: 雇用期間 (6ヶ月以上) | D4: 賃金UP (3%以上) | E4: 就業規則 転換規定 | F4: 会社都合 離職者なし | G4: 計画 受理済み | H4: 総合 判定 | I4: 第1期 助成額 | J4: 第2期 助成額 (重点支援のみ) | K4: 情報公表 加算 (新設) | L4: 合計 助成見込額 | M4: 第1期 申請期限 (開始) | N4: 第1期 申請期限 (終了) | O4: 第2期 申請期限 (開始) | P4: 第2期 申請期限 (終了)
A5: =入力シート!A14 | B5: =入力シート!B14 | C5: =IF(入力シート!B14="","",IF(入力シート!G14="","－",IF(入力シート!G14>=180,"✅ OK","❌ NG"))) | D5: =IF(入力シート!B14="","",IF(入力シート!H14="","－",IF(入力シート!J14>=0.03,"✅ OK","❌ NG"))) | E5: =IF(入力シート!H8="","⚠️ 未確認",IF(入力シート!H8="あり","✅ OK","❌ NG")) | F5: =IF(入力シート!B14="","",IF(入力シート!K14="","⚠️ 未確認",IF(入力シート!K14=0,"✅ OK","❌ NG"))) | G5: =IF(入力シート!H7="","⚠️ 未確認","✅ OK") | H5: =IF(入力シート!B14="","",IF(AND(C5="✅ OK",D5="✅ OK",E5="✅ OK",F5="✅ OK",G5="✅ OK"),"✅ 申請可","⚠️ 要確認")) | I5: =IF(入力シート!B14="","",IF(入力シート!H5="大企業",IF(入力シート!C14="無期契約",150000,300000),IF(入力シート!C14="無期契約",200000,400000))) | J5: =IF(入力シート!B14="","",IF(OR(入力シート!C14="派遣",入力シート!D14="はい"),IF(入力シート!H5="大企業",IF(入力シート!C14="無期契約",150000,300000),IF(入力シート!C14="無期契約",200000,400000)),0)) | K5: =IF(入力シート!B14="","",IF(入力シート!H9="あり",IF(入力シート!H5="大企業",150000,200000),0)) | L5: =IF(入力シート!B14="","",I5+J5+K5) | M5: =IF(入力シート!F14="","",EDATE(入力シート!F14,6)) | N5: =IF(入力シート!F14="","",EDATE(入力シート!F14,8)) | O5: =IF(OR(入力シート!C14="派遣",入力シート!D14="はい"),IF(入力シート!F14="","",EDATE(入力シート!F14,12)),"") | P5: =IF(OR(入力シート!C14="派遣",入力シート!D14="はい"),IF(入力シート!F14="","",EDATE(入力シート!F14,14)),"")
A6: =入力シート!A15 | B6: =入力シート!B15 | C6: =IF(入力シート!B15="","",IF(入力シート!G15="","－",IF(入力シート!G15>=180,"✅ OK","❌ NG"))) | D6: =IF(入力シート!B15="","",IF(入力シート!H15="","－",IF(入力シート!J15>=0.03,"✅ OK","❌ NG"))) | E6: =IF(入力シート!H8="","⚠️ 未確認",IF(入力シート!H8="あり","✅ OK","❌ NG")) | F6: =IF(入力シート!B15="","",IF(入力シート!K15="","⚠️ 未確認",IF(入力シート!K15=0,"✅ OK","❌ NG"))) | G6: =IF(入力シート!H7="","⚠️ 未確認","✅ OK") | H6: =IF(入力シート!B15="","",IF(AND(C6="✅ OK",D6="✅ OK",E6="✅ OK",F6="✅ OK",G6="✅ OK"),"✅ 申請可","⚠️ 要確認")) | I6: =IF(入力シート!B15="","",IF(入力シート!H5="大企業",IF(入力シート!C15="無期契約",150000,300000),IF(入力シート!C15="無期契約",200000,400000))) | J6: =IF(入力シート!B15="","",IF(OR(入力シート!C15="派遣",入力シート!D15="はい"),IF(入力シート!H5="大企業",IF(入力シート!C15="無期契約",150000,300000),IF(入力シート!C15="無期契約",200000,400000)),0)) | K6: =IF(入力シート!B15="","",IF(入力シート!H9="あり",IF(入力シート!H5="大企業",150000,200000),0)) | L6: =IF(入力シート!B15="","",I6+J6+K6) | M6: =IF(入力シート!F15="","",EDATE(入力シート!F15,6)) | N6: =IF(入力シート!F15="","",EDATE(入力シート!F15,8)) | O6: =IF(OR(入力シート!C15="派遣",入力シート!D15="はい"),IF(入力シート!F15="","",EDATE(入力シート!F15,12)),"") | P6: =IF(OR(入力シート!C15="派遣",入力シート!D15="はい"),IF(入力シート!F15="","",EDATE(入力シート!F15,14)),"")
A7: =入力シート!A16 | B7: =入力シート!B16 | C7: =IF(入力シート!B16="","",IF(入力シート!G16="","－",IF(入力シート!G16>=180,"✅ OK","❌ NG"))) | D7: =IF(入力シート!B16="","",IF(入力シート!H16="","－",IF(入力シート!J16>=0.03,"✅ OK","❌ NG"))) | E7: =IF(入力シート!H8="","⚠️ 未確認",IF(入力シート!H8="あり","✅ OK","❌ NG")) | F7: =IF(入力シート!B16="","",IF(入力シート!K16="","⚠️ 未確認",IF(入力シート!K16=0,"✅ OK","❌ NG"))) | G7: =IF(入力シート!H7="","⚠️ 未確認","✅ OK") | H7: =IF(入力シート!B16="","",IF(AND(C7="✅ OK",D7="✅ OK",E7="✅ OK",F7="✅ OK",G7="✅ OK"),"✅ 申請可","⚠️ 要確認")) | I7: =IF(入力シート!B16="","",IF(入力シート!H5="大企業",IF(入力シート!C16="無期契約",150000,300000),IF(入力シート!C16="無期契約",200000,400000))) | J7: =IF(入力シート!B16="","",IF(OR(入力シート!C16="派遣",入力シート!D16="はい"),IF(入力シート!H5="大企業",IF(入力シート!C16="無期契約",150000,300000),IF(入力シート!C16="無期契約",200000,400000)),0)) | K7: =IF(入力シート!B16="","",IF(入力シート!H9="あり",IF(入力シート!H5="大企業",150000,200000),0)) | L7: =IF(入力シート!B16="","",I7+J7+K7) | M7: =IF(入力シート!F16="","",EDATE(入力シート!F16,6)) | N7: =IF(入力シート!F16="","",EDATE(入力シート!F16,8)) | O7: =IF(OR(入力シート!C16="派遣",入力シート!D16="はい"),IF(入力シート!F16="","",EDATE(入力シート!F16,12)),"") | P7: =IF(OR(入力シート!C16="派遣",入力シート!D16="はい"),IF(入力シート!F16="","",EDATE(入力シート!F16,14)),"")
A8: =入力シート!A17 | B8: =入力シート!B17 | C8: =IF(入力シート!B17="","",IF(入力シート!G17="","－",IF(入力シート!G17>=180,"✅ OK","❌ NG"))) | D8: =IF(入力シート!B17="","",IF(入力シート!H17="","－",IF(入力シート!J17>=0.03,"✅ OK","❌ NG"))) | E8: =IF(入力シート!H8="","⚠️ 未確認",IF(入力シート!H8="あり","✅ OK","❌ NG")) | F8: =IF(入力シート!B17="","",IF(入力シート!K17="","⚠️ 未確認",IF(入力シート!K17=0,"✅ OK","❌ NG"))) | G8: =IF(入力シート!H7="","⚠️ 未確認","✅ OK") | H8: =IF(入力シート!B17="","",IF(AND(C8="✅ OK",D8="✅ OK",E8="✅ OK",F8="✅ OK",G8="✅ OK"),"✅ 申請可","⚠️ 要確認")) | I8: =IF(入力シート!B17="","",IF(入力シート!H5="大企業",IF(入力シート!C17="無期契約",150000,300000),IF(入力シート!C17="無期契約",200000,400000))) | J8: =IF(入力シート!B17="","",IF(OR(入力シート!C17="派遣",入力シート!D17="はい"),IF(入力シート!H5="大企業",IF(入力シート!C17="無期契約",150000,300000),IF(入力シート!C17="無期契約",200000,400000)),0)) | K8: =IF(入力シート!B17="","",IF(入力シート!H9="あり",IF(入力シート!H5="大企業",150000,200000),0)) | L8: =IF(入力シート!B17="","",I8+J8+K8) | M8: =IF(入力シート!F17="","",EDATE(入力シート!F17,6)) | N8: =IF(入力シート!F17="","",EDATE(入力シート!F17,8)) | O8: =IF(OR(入力シート!C17="派遣",入力シート!D17="はい"),IF(入力シート!F17="","",EDATE(入力シート!F17,12)),"") | P8: =IF(OR(入力シート!C17="派遣",入力シート!D17="はい"),IF(入力シート!F17="","",EDATE(入力シート!F17,14)),"")
A9: =入力シート!A18 | B9: =入力シート!B18 | C9: =IF(入力シート!B18="","",IF(入力シート!G18="","－",IF(入力シート!G18>=180,"✅ OK","❌ NG"))) | D9: =IF(入力シート!B18="","",IF(入力シート!H18="","－",IF(入力シート!J18>=0.03,"✅ OK","❌ NG"))) | E9: =IF(入力シート!H8="","⚠️ 未確認",IF(入力シート!H8="あり","✅ OK","❌ NG")) | F9: =IF(入力シート!B18="","",IF(入力シート!K18="","⚠️ 未確認",IF(入力シート!K18=0,"✅ OK","❌ NG"))) | G9: =IF(入力シート!H7="","⚠️ 未確認","✅ OK") | H9: =IF(入力シート!B18="","",IF(AND(C9="✅ OK",D9="✅ OK",E9="✅ OK",F9="✅ OK",G9="✅ OK"),"✅ 申請可","⚠️ 要確認")) | I9: =IF(入力シート!B18="","",IF(入力シート!H5="大企業",IF(入力シート!C18="無期契約",150000,300000),IF(入力シート!C18="無期契約",200000,400000))) | J9: =IF(入力シート!B18="","",IF(OR(入力シート!C18="派遣",入力シート!D18="はい"),IF(入力シート!H5="大企業",IF(入力シート!C18="無期契約",150000,300000),IF(入力シート!C18="無期契約",200000,400000)),0)) | K9: =IF(入力シート!B18="","",IF(入力シート!H9="あり",IF(入力シート!H5="大企業",150000,200000),0)) | L9: =IF(入力シート!B18="","",I9+J9+K9) | M9: =IF(入力シート!F18="","",EDATE(入力シート!F18,6)) | N9: =IF(入力シート!F18="","",EDATE(入力シート!F18,8)) | O9: =IF(OR(入力シート!C18="派遣",入力シート!D18="はい"),IF(入力シート!F18="","",EDATE(入力シート!F18,12)),"") | P9: =IF(OR(入力シート!C18="派遣",入力シート!D18="はい"),IF(入力シート!F18="","",EDATE(入力シート!F18,14)),"")
A10: =入力シート!A19 | B10: =入力シート!B19 | C10: =IF(入力シート!B19="","",IF(入力シート!G19="","－",IF(入力シート!G19>=180,"✅ OK","❌ NG"))) | D10: =IF(入力シート!B19="","",IF(入力シート!H19="","－",IF(入力シート!J19>=0.03,"✅ OK","❌ NG"))) | E10: =IF(入力シート!H8="","⚠️ 未確認",IF(入力シート!H8="あり","✅ OK","❌ NG")) | F10: =IF(入力シート!B19="","",IF(入力シート!K19="","⚠️ 未確認",IF(入力シート!K19=0,"✅ OK","❌ NG"))) | G10: =IF(入力シート!H7="","⚠️ 未確認","✅ OK") | H10: =IF(入力シート!B19="","",IF(AND(C10="✅ OK",D10="✅ OK",E10="✅ OK",F10="✅ OK",G10="✅ OK"),"✅ 申請可","⚠️ 要確認")) | I10: =IF(入力シート!B19="","",IF(入力シート!H5="大企業",IF(入力シート!C19="無期契約",150000,300000),IF(入力シート!C19="無期契約",200000,400000))) | J10: =IF(入力シート!B19="","",IF(OR(入力シート!C19="派遣",入力シート!D19="はい"),IF(入力シート!H5="大企業",IF(入力シート!C19="無期契約",150000,300000),IF(入力シート!C19="無期契約",200000,400000)),0)) | K10: =IF(入力シート!B19="","",IF(入力シート!H9="あり",IF(入力シート!H5="大企業",150000,200000),0)) | L10: =IF(入力シート!B19="","",I10+J10+K10) | M10: =IF(入力シート!F19="","",EDATE(入力シート!F19,6)) | N10: =IF(入力シート!F19="","",EDATE(入力シート!F19,8)) | O10: =IF(OR(入力シート!C19="派遣",入力シート!D19="はい"),IF(入力シート!F19="","",EDATE(入力シート!F19,12)),"") | P10: =IF(OR(入力シート!C19="派遣",入力シート!D19="はい"),IF(入力シート!F19="","",EDATE(入力シート!F19,14)),"")
A11: =入力シート!A20 | B11: =入力シート!B20 | C11: =IF(入力シート!B20="","",IF(入力シート!G20="","－",IF(入力シート!G20>=180,"✅ OK","❌ NG"))) | D11: =IF(入力シート!B20="","",IF(入力シート!H20="","－",IF(入力シート!J20>=0.03,"✅ OK","❌ NG"))) | E11: =IF(入力シート!H8="","⚠️ 未確認",IF(入力シート!H8="あり","✅ OK","❌ NG")) | F11: =IF(入力シート!B20="","",IF(入力シート!K20="","⚠️ 未確認",IF(入力シート!K20=0,"✅ OK","❌ NG"))) | G11: =IF(入力シート!H7="","⚠️ 未確認","✅ OK") | H11: =IF(入力シート!B20="","",IF(AND(C11="✅ OK",D11="✅ OK",E11="✅ OK",F11="✅ OK",G11="✅ OK"),"✅ 申請可","⚠️ 要確認")) | I11: =IF(入力シート!B20="","",IF(入力シート!H5="大企業",IF(入力シート!C20="無期契約",150000,300000),IF(入力シート!C20="無期契約",200000,400000))) | J11: =IF(入力シート!B20="","",IF(OR(入力シート!C20="派遣",入力シート!D20="はい"),IF(入力シート!H5="大企業",IF(入力シート!C20="無期契約",150000,300000),IF(入力シート!C20="無期契約",200000,400000)),0)) | K11: =IF(入力シート!B20="","",IF(入力シート!H9="あり",IF(入力シート!H5="大企業",150000,200000),0)) | L11: =IF(入力シート!B20="","",I11+J11+K11) | M11: =IF(入力シート!F20="","",EDATE(入力シート!F20,6)) | N11: =IF(入力シート!F20="","",EDATE(入力シート!F20,8)) | O11: =IF(OR(入力シート!C20="派遣",入力シート!D20="はい"),IF(入力シート!F20="","",EDATE(入力シート!F20,12)),"") | P11: =IF(OR(入力シート!C20="派遣",入力シート!D20="はい"),IF(入力シート!F20="","",EDATE(入力シート!F20,14)),"")
A12: =入力シート!A21 | B12: =入力シート!B21 | C12: =IF(入力シート!B21="","",IF(入力シート!G21="","－",IF(入力シート!G21>=180,"✅ OK","❌ NG"))) | D12: =IF(入力シート!B21="","",IF(入力シート!H21="","－",IF(入力シート!J21>=0.03,"✅ OK","❌ NG"))) | E12: =IF(入力シート!H8="","⚠️ 未確認",IF(入力シート!H8="あり","✅ OK","❌ NG")) | F12: =IF(入力シート!B21="","",IF(入力シート!K21="","⚠️ 未確認",IF(入力シート!K21=0,"✅ OK","❌ NG"))) | G12: =IF(入力シート!H7="","⚠️ 未確認","✅ OK") | H12: =IF(入力シート!B21="","",IF(AND(C12="✅ OK",D12="✅ OK",E12="✅ OK",F12="✅ OK",G12="✅ OK"),"✅ 申請可","⚠️ 要確認")) | I12: =IF(入力シート!B21="","",IF(入力シート!H5="大企業",IF(入力シート!C21="無期契約",150000,300000),IF(入力シート!C21="無期契約",200000,400000))) | J12: =IF(入力シート!B21="","",IF(OR(入力シート!C21="派遣",入力シート!D21="はい"),IF(入力シート!H5="大企業",IF(入力シート!C21="無期契約",150000,300000),IF(入力シート!C21="無期契約",200000,400000)),0)) | K12: =IF(入力シート!B21="","",IF(入力シート!H9="あり",IF(入力シート!H5="大企業",150000,200000),0)) | L12: =IF(入力シート!B21="","",I12+J12+K12) | M12: =IF(入力シート!F21="","",EDATE(入力シート!F21,6)) | N12: =IF(入力シート!F21="","",EDATE(入力シート!F21,8)) | O12: =IF(OR(入力シート!C21="派遣",入力シート!D21="はい"),IF(入力シート!F21="","",EDATE(入力シート!F21,12)),"") | P12: =IF(OR(入力シート!C21="派遣",入力シート!D21="はい"),IF(入力シート!F21="","",EDATE(入力シート!F21,14)),"")
A13: =入力シート!A22 | B13: =入力シート!B22 | C13: =IF(入力シート!B22="","",IF(入力シート!G22="","－",IF(入力シート!G22>=180,"✅ OK","❌ NG"))) | D13: =IF(入力シート!B22="","",IF(入力シート!H22="","－",IF(入力シート!J22>=0.03,"✅ OK","❌ NG"))) | E13: =IF(入力シート!H8="","⚠️ 未確認",IF(入力シート!H8="あり","✅ OK","❌ NG")) | F13: =IF(入力シート!B22="","",IF(入力シート!K22="","⚠️ 未確認",IF(入力シート!K22=0,"✅ OK","❌ NG"))) | G13: =IF(入力シート!H7="","⚠️ 未確認","✅ OK") | H13: =IF(入力シート!B22="","",IF(AND(C13="✅ OK",D13="✅ OK",E13="✅ OK",F13="✅ OK",G13="✅ OK"),"✅ 申請可","⚠️ 要確認")) | I13: =IF(入力シート!B22="","",IF(入力シート!H5="大企業",IF(入力シート!C22="無期契約",150000,300000),IF(入力シート!C22="無期契約",200000,400000))) | J13: =IF(入力シート!B22="","",IF(OR(入力シート!C22="派遣",入力シート!D22="はい"),IF(入力シート!H5="大企業",IF(入力シート!C22="無期契約",150000,300000),IF(入力シート!C22="無期契約",200000,400000)),0)) | K13: =IF(入力シート!B22="","",IF(入力シート!H9="あり",IF(入力シート!H5="大企業",150000,200000),0)) | L13: =IF(入力シート!B22="","",I13+J13+K13) | M13: =IF(入力シート!F22="","",EDATE(入力シート!F22,6)) | N13: =IF(入力シート!F22="","",EDATE(入力シート!F22,8)) | O13: =IF(OR(入力シート!C22="派遣",入力シート!D22="はい"),IF(入力シート!F22="","",EDATE(入力シート!F22,12)),"") | P13: =IF(OR(入力シート!C22="派遣",入力シート!D22="はい"),IF(入力シート!F22="","",EDATE(入力シート!F22,14)),"")
A14: =入力シート!A23 | B14: =入力シート!B23 | C14: =IF(入力シート!B23="","",IF(入力シート!G23="","－",IF(入力シート!G23>=180,"✅ OK","❌ NG"))) | D14: =IF(入力シート!B23="","",IF(入力シート!H23="","－",IF(入力シート!J23>=0.03,"✅ OK","❌ NG"))) | E14: =IF(入力シート!H8="","⚠️ 未確認",IF(入力シート!H8="あり","✅ OK","❌ NG")) | F14: =IF(入力シート!B23="","",IF(入力シート!K23="","⚠️ 未確認",IF(入力シート!K23=0,"✅ OK","❌ NG"))) | G14: =IF(入力シート!H7="","⚠️ 未確認","✅ OK") | H14: =IF(入力シート!B23="","",IF(AND(C14="✅ OK",D14="✅ OK",E14="✅ OK",F14="✅ OK",G14="✅ OK"),"✅ 申請可","⚠️ 要確認")) | I14: =IF(入力シート!B23="","",IF(入力シート!H5="大企業",IF(入力シート!C23="無期契約",150000,300000),IF(入力シート!C23="無期契約",200000,400000))) | J14: =IF(入力シート!B23="","",IF(OR(入力シート!C23="派遣",入力シート!D23="はい"),IF(入力シート!H5="大企業",IF(入力シート!C23="無期契約",150000,300000),IF(入力シート!C23="無期契約",200000,400000)),0)) | K14: =IF(入力シート!B23="","",IF(入力シート!H9="あり",IF(入力シート!H5="大企業",150000,200000),0)) | L14: =IF(入力シート!B23="","",I14+J14+K14) | M14: =IF(入力シート!F23="","",EDATE(入力シート!F23,6)) | N14: =IF(入力シート!F23="","",EDATE(入力シート!F23,8)) | O14: =IF(OR(入力シート!C23="派遣",入力シート!D23="はい"),IF(入力シート!F23="","",EDATE(入力シート!F23,12)),"") | P14: =IF(OR(入力シート!C23="派遣",入力シート!D23="はい"),IF(入力シート!F23="","",EDATE(入力シート!F23,14)),"")
A15: =入力シート!A24 | B15: =入力シート!B24 | C15: =IF(入力シート!B24="","",IF(入力シート!G24="","－",IF(入力シート!G24>=180,"✅ OK","❌ NG"))) | D15: =IF(入力シート!B24="","",IF(入力シート!H24="","－",IF(入力シート!J24>=0.03,"✅ OK","❌ NG"))) | E15: =IF(入力シート!H8="","⚠️ 未確認",IF(入力シート!H8="あり","✅ OK","❌ NG")) | F15: =IF(入力シート!B24="","",IF(入力シート!K24="","⚠️ 未確認",IF(入力シート!K24=0,"✅ OK","❌ NG"))) | G15: =IF(入力シート!H7="","⚠️ 未確認","✅ OK") | H15: =IF(入力シート!B24="","",IF(AND(C15="✅ OK",D15="✅ OK",E15="✅ OK",F15="✅ OK",G15="✅ OK"),"✅ 申請可","⚠️ 要確認")) | I15: =IF(入力シート!B24="","",IF(入力シート!H5="大企業",IF(入力シート!C24="無期契約",150000,300000),IF(入力シート!C24="無期契約",200000,400000))) | J15: =IF(入力シート!B24="","",IF(OR(入力シート!C24="派遣",入力シート!D24="はい"),IF(入力シート!H5="大企業",IF(入力シート!C24="無期契約",150000,300000),IF(入力シート!C24="無期契約",200000,400000)),0)) | K15: =IF(入力シート!B24="","",IF(入力シート!H9="あり",IF(入力シート!H5="大企業",150000,200000),0)) | L15: =IF(入力シート!B24="","",I15+J15+K15) | M15: =IF(入力シート!F24="","",EDATE(入力シート!F24,6)) | N15: =IF(入力シート!F24="","",EDATE(入力シート!F24,8)) | O15: =IF(OR(入力シート!C24="派遣",入力シート!D24="はい"),IF(入力シート!F24="","",EDATE(入力シート!F24,12)),"") | P15: =IF(OR(入力シート!C24="派遣",入力シート!D24="はい"),IF(入力シート!F24="","",EDATE(入力シート!F24,14)),"")
A16: =入力シート!A25 | B16: =入力シート!B25 | C16: =IF(入力シート!B25="","",IF(入力シート!G25="","－",IF(入力シート!G25>=180,"✅ OK","❌ NG"))) | D16: =IF(入力シート!B25="","",IF(入力シート!H25="","－",IF(入力シート!J25>=0.03,"✅ OK","❌ NG"))) | E16: =IF(入力シート!H8="","⚠️ 未確認",IF(入力シート!H8="あり","✅ OK","❌ NG")) | F16: =IF(入力シート!B25="","",IF(入力シート!K25="","⚠️ 未確認",IF(入力シート!K25=0,"✅ OK","❌ NG"))) | G16: =IF(入力シート!H7="","⚠️ 未確認","✅ OK") | H16: =IF(入力シート!B25="","",IF(AND(C16="✅ OK",D16="✅ OK",E16="✅ OK",F16="✅ OK",G16="✅ OK"),"✅ 申請可","⚠️ 要確認")) | I16: =IF(入力シート!B25="","",IF(入力シート!H5="大企業",IF(入力シート!C25="無期契約",150000,300000),IF(入力シート!C25="無期契約",200000,400000))) | J16: =IF(入力シート!B25="","",IF(OR(入力シート!C25="派遣",入力シート!D25="はい"),IF(入力シート!H5="大企業",IF(入力シート!C25="無期契約",150000,300000),IF(入力シート!C25="無期契約",200000,400000)),0)) | K16: =IF(入力シート!B25="","",IF(入力シート!H9="あり",IF(入力シート!H5="大企業",150000,200000),0)) | L16: =IF(入力シート!B25="","",I16+J16+K16) | M16: =IF(入力シート!F25="","",EDATE(入力シート!F25,6)) | N16: =IF(入力シート!F25="","",EDATE(入力シート!F25,8)) | O16: =IF(OR(入力シート!C25="派遣",入力シート!D25="はい"),IF(入力シート!F25="","",EDATE(入力シート!F25,12)),"") | P16: =IF(OR(入力シート!C25="派遣",入力シート!D25="はい"),IF(入力シート!F25="","",EDATE(入力シート!F25,14)),"")
A17: =入力シート!A26 | B17: =入力シート!B26 | C17: =IF(入力シート!B26="","",IF(入力シート!G26="","－",IF(入力シート!G26>=180,"✅ OK","❌ NG"))) | D17: =IF(入力シート!B26="","",IF(入力シート!H26="","－",IF(入力シート!J26>=0.03,"✅ OK","❌ NG"))) | E17: =IF(入力シート!H8="","⚠️ 未確認",IF(入力シート!H8="あり","✅ OK","❌ NG")) | F17: =IF(入力シート!B26="","",IF(入力シート!K26="","⚠️ 未確認",IF(入力シート!K26=0,"✅ OK","❌ NG"))) | G17: =IF(入力シート!H7="","⚠️ 未確認","✅ OK") | H17: =IF(入力シート!B26="","",IF(AND(C17="✅ OK",D17="✅ OK",E17="✅ OK",F17="✅ OK",G17="✅ OK"),"✅ 申請可","⚠️ 要確認")) | I17: =IF(入力シート!B26="","",IF(入力シート!H5="大企業",IF(入力シート!C26="無期契約",150000,300000),IF(入力シート!C26="無期契約",200000,400000))) | J17: =IF(入力シート!B26="","",IF(OR(入力シート!C26="派遣",入力シート!D26="はい"),IF(入力シート!H5="大企業",IF(入力シート!C26="無期契約",150000,300000),IF(入力シート!C26="無期契約",200000,400000)),0)) | K17: =IF(入力シート!B26="","",IF(入力シート!H9="あり",IF(入力シート!H5="大企業",150000,200000),0)) | L17: =IF(入力シート!B26="","",I17+J17+K17) | M17: =IF(入力シート!F26="","",EDATE(入力シート!F26,6)) | N17: =IF(入力シート!F26="","",EDATE(入力シート!F26,8)) | O17: =IF(OR(入力シート!C26="派遣",入力シート!D26="はい"),IF(入力シート!F26="","",EDATE(入力シート!F26,12)),"") | P17: =IF(OR(入力シート!C26="派遣",入力シート!D26="はい"),IF(入力シート!F26="","",EDATE(入力シート!F26,14)),"")
A18: =入力シート!A27 | B18: =入力シート!B27 | C18: =IF(入力シート!B27="","",IF(入力シート!G27="","－",IF(入力シート!G27>=180,"✅ OK","❌ NG"))) | D18: =IF(入力シート!B27="","",IF(入力シート!H27="","－",IF(入力シート!J27>=0.03,"✅ OK","❌ NG"))) | E18: =IF(入力シート!H8="","⚠️ 未確認",IF(入力シート!H8="あり","✅ OK","❌ NG")) | F18: =IF(入力シート!B27="","",IF(入力シート!K27="","⚠️ 未確認",IF(入力シート!K27=0,"✅ OK","❌ NG"))) | G18: =IF(入力シート!H7="","⚠️ 未確認","✅ OK") | H18: =IF(入力シート!B27="","",IF(AND(C18="✅ OK",D18="✅ OK",E18="✅ OK",F18="✅ OK",G18="✅ OK"),"✅ 申請可","⚠️ 要確認")) | I18: =IF(入力シート!B27="","",IF(入力シート!H5="大企業",IF(入力シート!C27="無期契約",150000,300000),IF(入力シート!C27="無期契約",200000,400000))) | J18: =IF(入力シート!B27="","",IF(OR(入力シート!C27="派遣",入力シート!D27="はい"),IF(入力シート!H5="大企業",IF(入力シート!C27="無期契約",150000,300000),IF(入力シート!C27="無期契約",200000,400000)),0)) | K18: =IF(入力シート!B27="","",IF(入力シート!H9="あり",IF(入力シート!H5="大企業",150000,200000),0)) | L18: =IF(入力シート!B27="","",I18+J18+K18) | M18: =IF(入力シート!F27="","",EDATE(入力シート!F27,6)) | N18: =IF(入力シート!F27="","",EDATE(入力シート!F27,8)) | O18: =IF(OR(入力シート!C27="派遣",入力シート!D27="はい"),IF(入力シート!F27="","",EDATE(入力シート!F27,12)),"") | P18: =IF(OR(入力シート!C27="派遣",入力シート!D27="はい"),IF(入力シート!F27="","",EDATE(入力シート!F27,14)),"")
A19: =入力シート!A28 | B19: =入力シート!B28 | C19: =IF(入力シート!B28="","",IF(入力シート!G28="","－",IF(入力シート!G28>=180,"✅ OK","❌ NG"))) | D19: =IF(入力シート!B28="","",IF(入力シート!H28="","－",IF(入力シート!J28>=0.03,"✅ OK","❌ NG"))) | E19: =IF(入力シート!H8="","⚠️ 未確認",IF(入力シート!H8="あり","✅ OK","❌ NG")) | F19: =IF(入力シート!B28="","",IF(入力シート!K28="","⚠️ 未確認",IF(入力シート!K28=0,"✅ OK","❌ NG"))) | G19: =IF(入力シート!H7="","⚠️ 未確認","✅ OK") | H19: =IF(入力シート!B28="","",IF(AND(C19="✅ OK",D19="✅ OK",E19="✅ OK",F19="✅ OK",G19="✅ OK"),"✅ 申請可","⚠️ 要確認")) | I19: =IF(入力シート!B28="","",IF(入力シート!H5="大企業",IF(入力シート!C28="無期契約",150000,300000),IF(入力シート!C28="無期契約",200000,400000))) | J19: =IF(入力シート!B28="","",IF(OR(入力シート!C28="派遣",入力シート!D28="はい"),IF(入力シート!H5="大企業",IF(入力シート!C28="無期契約",150000,300000),IF(入力シート!C28="無期契約",200000,400000)),0)) | K19: =IF(入力シート!B28="","",IF(入力シート!H9="あり",IF(入力シート!H5="大企業",150000,200000),0)) | L19: =IF(入力シート!B28="","",I19+J19+K19) | M19: =IF(入力シート!F28="","",EDATE(入力シート!F28,6)) | N19: =IF(入力シート!F28="","",EDATE(入力シート!F28,8)) | O19: =IF(OR(入力シート!C28="派遣",入力シート!D28="はい"),IF(入力シート!F28="","",EDATE(入力シート!F28,12)),"") | P19: =IF(OR(入力シート!C28="派遣",入力シート!D28="はい"),IF(入力シート!F28="","",EDATE(入力シート!F28,14)),"")
A20: =入力シート!A29 | B20: =入力シート!B29 | C20: =IF(入力シート!B29="","",IF(入力シート!G29="","－",IF(入力シート!G29>=180,"✅ OK","❌ NG"))) | D20: =IF(入力シート!B29="","",IF(入力シート!H29="","－",IF(入力シート!J29>=0.03,"✅ OK","❌ NG"))) | E20: =IF(入力シート!H8="","⚠️ 未確認",IF(入力シート!H8="あり","✅ OK","❌ NG")) | F20: =IF(入力シート!B29="","",IF(入力シート!K29="","⚠️ 未確認",IF(入力シート!K29=0,"✅ OK","❌ NG"))) | G20: =IF(入力シート!H7="","⚠️ 未確認","✅ OK") | H20: =IF(入力シート!B29="","",IF(AND(C20="✅ OK",D20="✅ OK",E20="✅ OK",F20="✅ OK",G20="✅ OK"),"✅ 申請可","⚠️ 要確認")) | I20: =IF(入力シート!B29="","",IF(入力シート!H5="大企業",IF(入力シート!C29="無期契約",150000,300000),IF(入力シート!C29="無期契約",200000,400000))) | J20: =IF(入力シート!B29="","",IF(OR(入力シート!C29="派遣",入力シート!D29="はい"),IF(入力シート!H5="大企業",IF(入力シート!C29="無期契約",150000,300000),IF(入力シート!C29="無期契約",200000,400000)),0)) | K20: =IF(入力シート!B29="","",IF(入力シート!H9="あり",IF(入力シート!H5="大企業",150000,200000),0)) | L20: =IF(入力シート!B29="","",I20+J20+K20) | M20: =IF(入力シート!F29="","",EDATE(入力シート!F29,6)) | N20: =IF(入力シート!F29="","",EDATE(入力シート!F29,8)) | O20: =IF(OR(入力シート!C29="派遣",入力シート!D29="はい"),IF(入力シート!F29="","",EDATE(入力シート!F29,12)),"") | P20: =IF(OR(入力シート!C29="派遣",入力シート!D29="はい"),IF(入力シート!F29="","",EDATE(入力シート!F29,14)),"")
A21: =入力シート!A30 | B21: =入力シート!B30 | C21: =IF(入力シート!B30="","",IF(入力シート!G30="","－",IF(入力シート!G30>=180,"✅ OK","❌ NG"))) | D21: =IF(入力シート!B30="","",IF(入力シート!H30="","－",IF(入力シート!J30>=0.03,"✅ OK","❌ NG"))) | E21: =IF(入力シート!H8="","⚠️ 未確認",IF(入力シート!H8="あり","✅ OK","❌ NG")) | F21: =IF(入力シート!B30="","",IF(入力シート!K30="","⚠️ 未確認",IF(入力シート!K30=0,"✅ OK","❌ NG"))) | G21: =IF(入力シート!H7="","⚠️ 未確認","✅ OK") | H21: =IF(入力シート!B30="","",IF(AND(C21="✅ OK",D21="✅ OK",E21="✅ OK",F21="✅ OK",G21="✅ OK"),"✅ 申請可","⚠️ 要確認")) | I21: =IF(入力シート!B30="","",IF(入力シート!H5="大企業",IF(入力シート!C30="無期契約",150000,300000),IF(入力シート!C30="無期契約",200000,400000))) | J21: =IF(入力シート!B30="","",IF(OR(入力シート!C30="派遣",入力シート!D30="はい"),IF(入力シート!H5="大企業",IF(入力シート!C30="無期契約",150000,300000),IF(入力シート!C30="無期契約",200000,400000)),0)) | K21: =IF(入力シート!B30="","",IF(入力シート!H9="あり",IF(入力シート!H5="大企業",150000,200000),0)) | L21: =IF(入力シート!B30="","",I21+J21+K21) | M21: =IF(入力シート!F30="","",EDATE(入力シート!F30,6)) | N21: =IF(入力シート!F30="","",EDATE(入力シート!F30,8)) | O21: =IF(OR(入力シート!C30="派遣",入力シート!D30="はい"),IF(入力シート!F30="","",EDATE(入力シート!F30,12)),"") | P21: =IF(OR(入力シート!C30="派遣",入力シート!D30="はい"),IF(入力シート!F30="","",EDATE(入力シート!F30,14)),"")
A22: =入力シート!A31 | B22: =入力シート!B31 | C22: =IF(入力シート!B31="","",IF(入力シート!G31="","－",IF(入力シート!G31>=180,"✅ OK","❌ NG"))) | D22: =IF(入力シート!B31="","",IF(入力シート!H31="","－",IF(入力シート!J31>=0.03,"✅ OK","❌ NG"))) | E22: =IF(入力シート!H8="","⚠️ 未確認",IF(入力シート!H8="あり","✅ OK","❌ NG")) | F22: =IF(入力シート!B31="","",IF(入力シート!K31="","⚠️ 未確認",IF(入力シート!K31=0,"✅ OK","❌ NG"))) | G22: =IF(入力シート!H7="","⚠️ 未確認","✅ OK") | H22: =IF(入力シート!B31="","",IF(AND(C22="✅ OK",D22="✅ OK",E22="✅ OK",F22="✅ OK",G22="✅ OK"),"✅ 申請可","⚠️ 要確認")) | I22: =IF(入力シート!B31="","",IF(入力シート!H5="大企業",IF(入力シート!C31="無期契約",150000,300000),IF(入力シート!C31="無期契約",200000,400000))) | J22: =IF(入力シート!B31="","",IF(OR(入力シート!C31="派遣",入力シート!D31="はい"),IF(入力シート!H5="大企業",IF(入力シート!C31="無期契約",150000,300000),IF(入力シート!C31="無期契約",200000,400000)),0)) | K22: =IF(入力シート!B31="","",IF(入力シート!H9="あり",IF(入力シート!H5="大企業",150000,200000),0)) | L22: =IF(入力シート!B31="","",I22+J22+K22) | M22: =IF(入力シート!F31="","",EDATE(入力シート!F31,6)) | N22: =IF(入力シート!F31="","",EDATE(入力シート!F31,8)) | O22: =IF(OR(入力シート!C31="派遣",入力シート!D31="はい"),IF(入力シート!F31="","",EDATE(入力シート!F31,12)),"") | P22: =IF(OR(入力シート!C31="派遣",入力シート!D31="はい"),IF(入力シート!F31="","",EDATE(入力シート!F31,14)),"")
A23: =入力シート!A32 | B23: =入力シート!B32 | C23: =IF(入力シート!B32="","",IF(入力シート!G32="","－",IF(入力シート!G32>=180,"✅ OK","❌ NG"))) | D23: =IF(入力シート!B32="","",IF(入力シート!H32="","－",IF(入力シート!J32>=0.03,"✅ OK","❌ NG"))) | E23: =IF(入力シート!H8="","⚠️ 未確認",IF(入力シート!H8="あり","✅ OK","❌ NG")) | F23: =IF(入力シート!B32="","",IF(入力シート!K32="","⚠️ 未確認",IF(入力シート!K32=0,"✅ OK","❌ NG"))) | G23: =IF(入力シート!H7="","⚠️ 未確認","✅ OK") | H23: =IF(入力シート!B32="","",IF(AND(C23="✅ OK",D23="✅ OK",E23="✅ OK",F23="✅ OK",G23="✅ OK"),"✅ 申請可","⚠️ 要確認")) | I23: =IF(入力シート!B32="","",IF(入力シート!H5="大企業",IF(入力シート!C32="無期契約",150000,300000),IF(入力シート!C32="無期契約",200000,400000))) | J23: =IF(入力シート!B32="","",IF(OR(入力シート!C32="派遣",入力シート!D32="はい"),IF(入力シート!H5="大企業",IF(入力シート!C32="無期契約",150000,300000),IF(入力シート!C32="無期契約",200000,400000)),0)) | K23: =IF(入力シート!B32="","",IF(入力シート!H9="あり",IF(入力シート!H5="大企業",150000,200000),0)) | L23: =IF(入力シート!B32="","",I23+J23+K23) | M23: =IF(入力シート!F32="","",EDATE(入力シート!F32,6)) | N23: =IF(入力シート!F32="","",EDATE(入力シート!F32,8)) | O23: =IF(OR(入力シート!C32="派遣",入力シート!D32="はい"),IF(入力シート!F32="","",EDATE(入力シート!F32,12)),"") | P23: =IF(OR(入力シート!C32="派遣",入力シート!D32="はい"),IF(入力シート!F32="","",EDATE(入力シート!F32,14)),"")
A24: =入力シート!A33 | B24: =入力シート!B33 | C24: =IF(入力シート!B33="","",IF(入力シート!G33="","－",IF(入力シート!G33>=180,"✅ OK","❌ NG"))) | D24: =IF(入力シート!B33="","",IF(入力シート!H33="","－",IF(入力シート!J33>=0.03,"✅ OK","❌ NG"))) | E24: =IF(入力シート!H8="","⚠️ 未確認",IF(入力シート!H8="あり","✅ OK","❌ NG")) | F24: =IF(入力シート!B33="","",IF(入力シート!K33="","⚠️ 未確認",IF(入力シート!K33=0,"✅ OK","❌ NG"))) | G24: =IF(入力シート!H7="","⚠️ 未確認","✅ OK") | H24: =IF(入力シート!B33="","",IF(AND(C24="✅ OK",D24="✅ OK",E24="✅ OK",F24="✅ OK",G24="✅ OK"),"✅ 申請可","⚠️ 要確認")) | I24: =IF(入力シート!B33="","",IF(入力シート!H5="大企業",IF(入力シート!C33="無期契約",150000,300000),IF(入力シート!C33="無期契約",200000,400000))) | J24: =IF(入力シート!B33="","",IF(OR(入力シート!C33="派遣",入力シート!D33="はい"),IF(入力シート!H5="大企業",IF(入力シート!C33="無期契約",150000,300000),IF(入力シート!C33="無期契約",200000,400000)),0)) | K24: =IF(入力シート!B33="","",IF(入力シート!H9="あり",IF(入力シート!H5="大企業",150000,200000),0)) | L24: =IF(入力シート!B33="","",I24+J24+K24) | M24: =IF(入力シート!F33="","",EDATE(入力シート!F33,6)) | N24: =IF(入力シート!F33="","",EDATE(入力シート!F33,8)) | O24: =IF(OR(入力シート!C33="派遣",入力シート!D33="はい"),IF(入力シート!F33="","",EDATE(入力シート!F33,12)),"") | P24: =IF(OR(入力シート!C33="派遣",入力シート!D33="はい"),IF(入力シート!F33="","",EDATE(入力シート!F33,14)),"")
A26: 【令和8年度の変更点】①2期制導入（第2期は重点支援対象者のみ） ②情報公表加算（中小20万/大企業15万）が新設 ③重点支援対象者は合計助成額が2倍

Sheet 要件一覧
A1: キャリアアップ助成金（正社員化コース）要件一覧 令和8年度【参照用】
A3: 【事前要件】転換前に確認
B4: キャリアアップ計画 | C4: 転換日の前日までに労働局へ提出・受理が必要
B5: 就業規則の転換規定 | C5: 正社員転換を規定した条文が必要（転換日前に届出済みであること）
B6: 雇用形態 | C6: 有期契約・無期契約・派遣社員が対象
B7: 雇用期間 | C7: 転換前に同一事業所で6ヶ月以上継続雇用されていること
B8: 会社都合離職者 | C8: 転換日の前日から過去6ヶ月以内に特定受給資格者となる離職者がいないこと
B9: 雇用保険 | C9: 雇用保険適用事業所であること
A11: 【転換時の要件】
B12: 転換後の雇用形態 | C12: 無期・フルタイムの正規雇用労働者であること
B13: 賃金の増額 | C13: 転換前と比較して3%以上の賃金増額が必要
B14: 転換根拠 | C14: 就業規則に基づく転換であること
A16: 【申請時の要件】令和8年度：2期制
B17: 第1期申請期限 | C17: 転換後6ヶ月経過した日の翌日〜8ヶ月後末日（2ヶ月間） ※全対象者
B18: 第2期申請期限 | C18: 転換後12ヶ月経過した日の翌日〜14ヶ月後末日（2ヶ月間） ※重点支援対象者のみ
B19: 賃金支払い | C19: 各申請期について、6ヶ月分の賃金を支払い済みであること
B20: 添付書類 | C20: 雇用契約書、賃金台帳、転換前後の出勤簿、就業規則など
A22: 【重点支援対象者とは】令和8年度新設
B23: ①派遣労働者 | C23: すべての派遣労働者が対象
B24: ②雇入れ3年以上の有期労働者 | C24: 同一事業所で3年以上継続して有期契約で雇用されている者
B25: ③過去5年間で正規雇用が1年以下の有期労働者 | C25: 雇入れから3年未満で、過去5年間の正規雇用期間が通算1年以下かつ過去1年間に正規雇用されていない有期労働者
B26: ④その他 | C26: 母子家庭の母等、特定の訓練修了者 など
A28: 【助成額（令和8年度）】
B29: 有期→正規（通常）中小企業 | C29: 40万円／人 （第1期のみ）
B30: 有期→正規（重点支援）中小企業 | C30: 80万円／人 （第1期40万 + 第2期40万）
B31: 有期→正規（通常）大企業 | C31: 30万円／人 （第1期のみ）
B32: 有期→正規（重点支援）大企業 | C32: 60万円／人 （第1期30万 + 第2期30万）
B33: 無期→正規（通常）中小企業 | C33: 20万円／人 （第1期のみ）
B34: 無期→正規（重点支援）中小企業 | C34: 40万円／人 （第1期20万 + 第2期20万）
B35: 派遣→正規 中小企業 | C35: 80万円／人 （派遣は全員重点支援扱い）
B36: 情報公表加算（新設）中小企業 | C36: 20万円／人 自社HPまたは職場情報総合サイトで転換情報を公表した場合
B37: 情報公表加算（新設）大企業 | C37: 15万円／人
A39: ※ 要件・助成額は法改正により変更となる場合があります。申請前に必ず厚生労働省の最新資料をご確認ください。
